"Campaign name","Ad name","Image, video and slideshow","Ad Set Name",Reach,Impressions,"Attribution setting","Result type",Results,"Amount spent (USD)",Starts,Ends,"Link clicks","Cost per result","Reporting starts","Unique link clicks","Reporting ends"
"Giving Guide 2021 - Emotional","Philanthropy (Emotional)","ggwc_emotional_set_1 (1).mp4 (869866030367680)","Philanthropy (Emotional)",34110,44150,"7-day click or 1-day view","Meta Leads",124,1529.9933875526,2021-11-30,2021-12-20,368,12.338656351231,2021-11-20,,2022-01-31
"Giving Guide 2021 - Emotional","Animal Welfare (Emotional)","ggwc_emotional_set_1 (1).mp4 (869866030367680)","Animal Welfare (Emotional)",30576,40824,"7-day click or 1-day view","Meta Leads",141,1352.1198607732,2021-11-30,2021-12-20,359,9.589502558675,2021-11-20,,2022-01-31
"Giving Guide 2021 – Factual V2","Climate Change (Factual V2)","gg_factual_short.mp4 (1298714567312091)","Climate Change (Factual V2)",21932,25846,"7-day click or 1-day view","Meta Leads",94,711.78204856303,2021-12-08,2021-12-20,305,7.5721494527982,2021-11-20,,2022-01-31
"Giving Guide 2021 – Factual V2","Philanthropy (Factual V2)","gg_factual_short.mp4 (1298714567312091)","Philanthropy (Factual V2)",16449,19621,"7-day click or 1-day view","Meta Leads",71,658.75271784568,2021-12-08,2021-12-20,232,9.2782072936011,2021-11-20,,2022-01-31
"Giving Guide 2021 – Factual V2","Animal Welfare (Factual V2)","gg_factual_short.mp4 (1298714567312091)","Animal Welfare (Factual V2)",17743,20462,"7-day click or 1-day view","Meta Leads",62,653.82111355898,2021-12-08,2021-12-20,213,10.545501831596,2021-11-20,,2022-01-31
"Giving Guide 2021 – Factual V3","Animal Welfare (Factual V3)","gg_factual_short.mp4 (1298714567312091)","Animal Welfare (Factual V3)",41361,51689,"7-day click or 1-day view","Meta Leads",75,591.12424251497,2021-12-23,2022-01-04,223,7.8816565668663,2021-11-20,,2022-01-31
"Giving Guide 2021 – Factual V2","Lookalikes (Factual V2)","gg_factual_short.mp4 (1298714567312091)","Lookalikes (Factual V2)",12235,13803,"7-day click or 1-day view","Meta Leads",82,479.75688931914,2021-12-08,2021-12-20,220,5.8506937721846,2021-11-20,,2022-01-31
"Giving Guide 2021 - Emotional","Philanthropy (Emotional)","ggwc_emotional_set_3 (1).mp4 (287217033315901)","Philanthropy (Emotional)",16854,18904,"7-day click or 1-day view","Meta Leads",35,461.64225586659,2021-11-30,2021-12-20,132,13.189778739045,2021-11-20,,2022-01-31
"Giving Guide 2021 – Emotional V3","Philanthropy (Emotional V3)","New Giving Guide Video Ad Filmed Emotional - Global Poverty.m4v (310295524327625)","Philanthropy (Emotional V3)",35513,45767,"7-day click or 1-day view","Meta Leads",64,458.81583508909,2021-12-23,2022-01-04,137,7.168997423267,2021-11-20,,2022-01-31
"Giving Guide 2021 – Factual V2","Global Poverty (Factual V2)","gg_factual_short.mp4 (1298714567312091)","Global Poverty (Factual V2)",16210,18406,"7-day click or 1-day view","Meta Leads",53,420.76188183979,2021-12-08,2021-12-20,138,7.9389034309395,2021-11-20,,2022-01-31
"Giving Guide 2021 – Hypercube Brand Video","Hypercube Brand Video (Animated)","[Version 02] Giving What We Can Promo Video Final - CTA Visit GWWC.org [2021-29-11]_compressed.m4v (866994837312979)","General Population (18-39)",16640,21789,"7-day click or 1-day view","Meta Leads",21,353.92,2022-01-07,2022-01-17,70,16.853333333333,2021-11-20,,2022-01-31
"Giving Guide 2021 – Factual V3","Climate Change (Factual V3)","gg_factual_short.mp4 (1298714567312091)","Climate Change (Factual V3)",26192,32982,"7-day click or 1-day view","Meta Leads",43,325.2,2021-12-23,2022-01-04,118,7.5627906976744,2021-11-20,,2022-01-31
"Giving Guide 2021 – Factual","Climate Change (Factual)","ggwc_factual_final1 (1).mp4 (886232108921551)","Climate Change (Factual)",7186,9057,"7-day click or 1-day view","Meta Leads",15,319.36570148674,2021-11-30,2021-12-08,46,21.291046765783,2021-11-20,,2022-01-31
"Giving Guide 2021 – Factual","Philanthropy (Factual)","ggwc_factual_final1 (1).mp4 (886232108921551)","Philanthropy (Factual)",5313,6573,"7-day click or 1-day view","Meta Leads",11,288.03120300522,2021-11-30,2021-12-08,41,26.184654818657,2021-11-20,,2022-01-31
"Giving Guide 2021 – Factual","Animal Welfare (Factual)","ggwc_factual_final1 (1).mp4 (886232108921551)","Animal Welfare (Factual)",7604,8600,"7-day click or 1-day view","Meta Leads",11,283.57496895615,2021-11-30,2021-12-08,46,25.779542632377,2021-11-20,,2022-01-31
"Giving Guide 2021 – PPCo Creatives","Emotional + Factual (Animated)","gg_factual_short.mp4 (1298714567312091)","Climate Change (18-39)",21252,24872,"7-day click or 1-day view","Meta Leads",27,277.04,2022-01-07,2022-01-17,86,10.260740740741,2021-11-20,,2022-01-31
"Giving Guide 2021 – Hypercube Brand Video","Hypercube Brand Video (Animated)","[Version 02] Giving What We Can Promo Video Final - CTA Visit GWWC.org [2021-29-11]_compressed.m4v (866994837312979)","Climate Change (18-39)",9588,14241,"7-day click or 1-day view","Meta Leads",11,262.37,2022-01-07,2022-01-17,45,23.851818181818,2021-11-20,,2022-01-31
"Giving Guide 2021 – Emotional V3","Animal Welfare (Emotional V3)","ggwc_emotional_set_1 (1).mp4 (869866030367680)","Animal Welfare (Emotional V3)",13960,18111,"7-day click or 1-day view","Meta Leads",29,261.38,2021-12-23,2022-01-04,79,9.0131034482759,2021-11-20,,2022-01-31
"Giving Guide 2021 - Emotional","Lookalikes (Emotional)","ggwc_emotional_set_1 (1).mp4 (869866030367680)","Lookalikes (Emotional)",4199,4837,"7-day click or 1-day view","Meta Leads",28,251.35585567087,2021-11-30,2021-12-20,57,8.9769948453881,2021-11-20,,2022-01-31
"Giving Guide 2021 – Hypercube Brand Video","Hypercube Brand Video (Animated)","[Version 02] Giving What We Can Promo Video Final - CTA Visit GWWC.org [2021-29-11]_compressed.m4v (866994837312979)","Philanthropy (18-39)",10556,15681,"7-day click or 1-day view","Meta Leads",22,241.87,2022-01-07,2022-01-17,61,10.994090909091,2021-11-20,,2022-01-31
"Giving Guide 2021 - Emotional","Philanthropy (Emotional)","ggwc_emotional_set_1 (1).mp4 (869866030367680)","Philanthropy (Emotional)",3231,4638,"7-day click or 1-day view","Meta Leads",16,217.45431096152,2021-11-30,2021-12-20,45,13.590894435095,2021-11-20,,2022-01-31
"Giving Guide 2021 – Emotional V3","Philanthropy (Emotional V3)","ggwc_emotional_set_1 (1).mp4 (869866030367680)","Philanthropy (Emotional V3)",12724,15212,"7-day click or 1-day view","Meta Leads",15,197.20864715828,2021-12-23,2022-01-04,50,13.147243143885,2021-11-20,,2022-01-31
"Giving Guide 2021 – Factual V3","Philanthropy (Factual V3)","gg_factual_short.mp4 (1298714567312091)","Philanthropy (Factual V3)",16469,18991,"7-day click or 1-day view","Meta Leads",17,192.28,2021-12-23,2022-01-04,55,11.310588235294,2021-11-20,,2022-01-31
"Giving Guide 2021 – Factual V2","Philanthropy (Factual V2)","gg_factual_short.mp4 (1298714567312091)","Philanthropy (Factual V2)",3209,4127,"7-day click or 1-day view","Meta Leads",24,189.98397376383,2021-12-08,2021-12-20,74,7.9159989068262,2021-11-20,,2022-01-31
"Giving Guide 2021 - Emotional","Lookalikes (Emotional)","ggwc_emotional_set_3 (1).mp4 (287217033315901)","Lookalikes (Emotional)",5890,6247,"7-day click or 1-day view","Meta Leads",25,184.31628577243,2021-11-30,2021-12-20,55,7.372651430897,2021-11-20,,2022-01-31
"Giving Guide 2021 – Factual V2","Animal Welfare (Factual V2)","gg_factual_short.mp4 (1298714567312091)","Animal Welfare (Factual V2)",4165,4675,"7-day click or 1-day view","Meta Leads",22,180.78942778714,2021-12-08,2021-12-20,81,8.2177012630517,2021-11-20,,2022-01-31
"Giving Guide 2021 – Factual V3","Lookalikes (Factual V3)","gg_factual_short.mp4 (1298714567312091)","Lookalikes (Factual V3)",10828,12582,"7-day click or 1-day view","Meta Leads",20,173.84,2021-12-23,2022-01-04,43,8.692,2021-11-20,,2022-01-31
"Giving Guide 2021 – Factual V2","Lookalikes (Factual V2)","gg_factual_short.mp4 (1298714567312091)","Lookalikes (Factual V2)",3949,4546,"7-day click or 1-day view","Meta Leads",29,164.73048909787,2021-12-08,2021-12-20,104,5.6803616930299,2021-11-20,,2022-01-31
"Giving Guide 2021 - Emotional","Animal Welfare (Emotional)","ggwc_emotional_set_1 (1).mp4 (869866030367680)","Animal Welfare (Emotional)",2811,4084,"7-day click or 1-day view","Meta Leads",17,164.18476402079,2021-11-30,2021-12-20,47,9.6579272953408,2021-11-20,,2022-01-31
"Giving Guide 2021 – Factual V2","Climate Change (Factual V2)","gg_factual_short.mp4 (1298714567312091)","Climate Change (Factual V2)",3957,5008,"7-day click or 1-day view","Meta Leads",21,162.89614242455,2021-12-08,2021-12-20,80,7.7569591630738,2021-11-20,,2022-01-31
"Giving Guide 2021 – Emotional V3","Lookalikes (Emotional V3)","New Giving Guide Video Ad Filmed Emotional - Global Poverty.m4v (310295524327625)","Lookalikes (Emotional V3)",9720,11130,"7-day click or 1-day view","Meta Leads",16,162.44,2021-12-23,2022-01-04,48,10.1525,2021-11-20,,2022-01-31
"Giving Guide 2021 - Emotional","Global Poverty (Emotional)","ggwc_emotional_set_3 (1).mp4 (287217033315901)","Global Poverty (Emotional)",7234,7693,"7-day click or 1-day view","Meta Leads",8,157.95475818669,2021-11-30,2021-12-20,29,19.744344773336,2021-11-20,,2022-01-31
"Giving Guide 2021 – Factual","Global Poverty (Factual)","ggwc_factual_final1 (1).mp4 (886232108921551)","Global Poverty (Factual)",3900,4428,"7-day click or 1-day view","Meta Leads",4,153.36,2021-11-30,2021-12-08,41,38.34,2021-11-20,,2022-01-31
"Giving Guide 2021 - Emotional","Philanthropy (Emotional)","Auto_Cropped_AR_4_X_5_DCO_ggwc_emotional_set_1 (1).mp4 (781123443286306)","Philanthropy (Emotional)",2920,3837,"7-day click or 1-day view","Meta Leads",10,150.59009804037,2021-11-30,2021-12-20,17,15.059009804037,2021-11-20,,2022-01-31
"Giving Guide 2021 - Emotional","Animal Welfare (Emotional)","Auto_Cropped_AR_4_X_5_DCO_ggwc_emotional_set_1 (1).mp4 (781123426619641)","Animal Welfare (Emotional)",2722,3586,"7-day click or 1-day view","Meta Leads",13,146.51537520603,2021-11-30,2021-12-20,30,11.270413477387,2021-11-20,,2022-01-31
"Giving Guide 2021 – PPCo Creatives","Emotional + Factual (Animated)","gg_factual_short.mp4 (1298714567312091)","General Population (18-39)",13036,15185,"7-day click or 1-day view","Meta Leads",15,144.58,2022-01-07,2022-01-17,39,9.6386666666667,2021-11-20,,2022-01-31
"Giving Guide 2021 – PPCo Creatives","Emotional + Factual (Animated)","ggwc_emotional_set_1 (1).mp4 (869866030367680)","General Population (18-39)",8424,10342,"7-day click or 1-day view","Meta Leads",15,138.06,2022-01-07,2022-01-17,46,9.204,2021-11-20,,2022-01-31
"Giving Guide 2021 – PPCo Creatives","Emotional + Factual (Animated)","gg_factual_short.mp4 (1298714567312091)","Philanthropy (18-39)",11656,12396,"7-day click or 1-day view","Meta Leads",15,136.14,2022-01-07,2022-01-18,37,9.076,2021-11-20,,2022-01-31
"Giving Guide 2021 – Hypercube Brand Video","Hypercube Brand Video (Animated)","[Version 02] Giving What We Can Promo Video Final - CTA Visit GWWC.org [2021-29-11]_compressed.m4v (866994837312979)","Climate Change + Lookalikes (18-39)",4421,5520,"7-day click or 1-day view","Meta Leads",6,124.99,2022-01-07,2022-01-17,17,20.831666666667,2021-11-20,,2022-01-31
"Giving Guide 2021 – PPCo Creatives","Emotional + Factual (Animated)","ggwc_emotional_set_1 (1).mp4 (869866030367680)","Philanthropy (18-39)",5712,6510,"7-day click or 1-day view","Meta Leads",3,124.9,2022-01-07,2022-01-18,26,41.633333333333,2021-11-20,,2022-01-31
"Giving Guide 2021 – Emotional V3","Global Poverty (Emotional V3)","New Giving Guide Video Ad Filmed Emotional - Global Poverty.m4v (310295524327625)","Global Poverty (Emotional V3)",9564,11812,"7-day click or 1-day view","Meta Leads",22,122.24,2021-12-23,2022-01-04,51,5.5563636363636,2021-11-20,,2022-01-31
"Giving Guide 2021 – Hypercube Brand Video","Hypercube Brand Video (Animated)","[Version 02] Giving What We Can Promo Video Final - CTA Visit GWWC.org [2021-29-11]_compressed.m4v (866994837312979)","Global Poverty (18-39)",5884,6986,"7-day click or 1-day view","Meta Leads",6,119.06,2022-01-07,2022-01-17,20,19.843333333333,2021-11-20,,2022-01-31
"Giving Guide 2021 – PPCo Creatives","Emotional + Factual (Animated)","ggwc_emotional_set_1 (1).mp4 (869866030367680)","Animal Welfare (18-39)",6080,7489,"7-day click or 1-day view","Meta Leads",12,114.8117227292,2022-01-07,2022-01-17,34,9.5676435607668,2021-11-20,,2022-01-31
"Giving Guide 2021 – PPCo Creatives","Emotional + Factual (Animated)","ggwc_emotional_set_2 (1).mp4 (717231612998210)","Climate Change (18-39)",7832,9815,"7-day click or 1-day view","Meta Leads",8,106.27,2022-01-07,2022-01-17,31,13.28375,2021-11-20,,2022-01-31
"Giving Guide 2021 – Hypercube Brand Video","Hypercube Brand Video (Animated)","[Version 02] Giving What We Can Promo Video Final - CTA Visit GWWC.org [2021-29-11]_compressed.m4v (866994837312979)","Animal Welfare (18-39)",5274,6070,"7-day click or 1-day view","Meta Leads",3,102.59,2022-01-07,2022-01-17,21,34.196666666667,2021-11-20,,2022-01-31
"Giving Guide 2021 – PPCo Creatives","Emotional + Factual (Animated)","ggwc_emotional_set_2 (1).mp4 (717231612998210)","Philanthropy (18-39)",6110,7024,"7-day click or 1-day view","Meta Leads",12,101.15,2022-01-07,2022-01-18,36,8.4291666666667,2021-11-20,,2022-01-31
"Giving Guide 2021 - Emotional","Philanthropy (Emotional)","ggwc_emotional_set_2 (1).mp4 (717231612998210)","Philanthropy (Emotional)",2386,2866,"7-day click or 1-day view","Meta Leads",16,87.753002779374,2021-11-30,2021-12-20,40,5.4845626737109,2021-11-20,,2022-01-31
"Giving Guide 2021 – Factual V2","Global Poverty (Factual V2)","gg_factual_short.mp4 (1298714567312091)","Global Poverty (Factual V2)",2036,2403,"7-day click or 1-day view","Meta Leads",7,84.989763640293,2021-12-08,2021-12-20,34,12.141394805756,2021-11-20,,2022-01-31
"Giving Guide 2021 – Factual V3","Global Poverty (Factual V3)","gg_factual_short.mp4 (1298714567312091)","Global Poverty (Factual V3)",8838,9903,"7-day click or 1-day view","Meta Leads",9,82.9,2021-12-23,2022-01-04,31,9.2111111111111,2021-11-20,,2022-01-31
"Giving Guide 2021 – PPCo Creatives","Emotional + Factual (Animated)","ggwc_emotional_set_2 (1).mp4 (717231612998210)","General Population (18-39)",6214,7437,"7-day click or 1-day view","Meta Leads",12,75.12,2022-01-07,2022-01-17,33,6.26,2021-11-20,,2022-01-31
"Giving Guide 2021 – PPCo Creatives","Emotional + Factual (Animated)","gg_factual_short.mp4 (1298714567312091)","Animal Welfare (18-39)",5884,6472,"7-day click or 1-day view","Meta Leads",8,69.658910759762,2022-01-07,2022-01-17,27,8.7073638449703,2021-11-20,,2022-01-31
"Giving Guide 2021 – Factual V3","Animal Welfare (Factual V3)","gg_factual_short.mp4 (1298714567312091)","Animal Welfare (Factual V3)",3444,5089,"7-day click or 1-day view","Meta Leads",13,66.054943862275,2021-12-23,2022-01-04,28,5.0811495278673,2021-11-20,,2022-01-31
"Giving Guide 2021 – PPCo Creatives","Emotional + Factual (Animated)","gg_factual_short.mp4 (1298714567312091)","Climate Change + Lookalikes (18-39)",2437,2849,"7-day click or 1-day view","Meta Leads",6,52.037803163445,2022-01-07,2022-01-17,24,8.6729671939074,2021-11-20,,2022-01-31
"Giving Guide 2021 - Emotional","Philanthropy (Emotional)","Auto_Cropped_AR_4_X_5_DCO_Free Effective Giving Guide 2021 (1084969232319046)","Philanthropy (Emotional)",1463,1675,"7-day click or 1-day view","Meta Leads",3,49.168997666264,2021-11-30,2021-12-20,7,16.389665888755,2021-11-20,,2022-01-31
"Giving Guide 2021 – Emotional V3","Animal Welfare (Emotional V3)","cropped_4X5_(x, y)_(0, 172)_width_720px_height_899px_New Giving Guide Video Ad Filmed Emotional - Animals.m4v (448955280029775)","Animal Welfare (Emotional V3)",3350,3626,"7-day click or 1-day view","Meta Leads",12,47.97,2021-12-23,2022-01-04,18,3.9975,2021-11-20,,2022-01-31
"Giving Guide 2021 – Factual","Lookalikes (Factual)","ggwc_factual_final1 (1).mp4 (886232108921551)","Lookalikes (Factual)",463,536,"7-day click or 1-day view","Meta Leads",4,41.52,2021-11-30,2021-12-08,8,10.38,2021-11-20,,2022-01-31
"Giving Guide 2021 - Emotional","Climate Change (Emotional)","ggwc_emotional_set_2 (1).mp4 (717231612998210)","Climate Change (Emotional)",1369,1707,"7-day click or 1-day view","Meta Leads",3,39.325596111883,2021-11-30,2021-12-20,39,13.108532037294,2021-11-20,,2022-01-31
"Giving Guide 2021 – Emotional V3","Lookalikes (Emotional V3)","ggwc_emotional_set_2 (1).mp4 (717231612998210)","Lookalikes (Emotional V3)",1323,1585,"7-day click or 1-day view","Meta Leads",3,36.26,2021-12-23,2022-01-04,15,12.086666666667,2021-11-20,,2022-01-31
"Giving Guide 2021 – Hypercube Brand Video","Hypercube Brand Video (Animated)","[Version 02] Giving What We Can Promo Video Final - CTA Visit GWWC.org [2021-29-11]_compressed.m4v (866994837312979)","Philanthropy + Lookalikes (18-39)",931,1096,"7-day click or 1-day view","Meta Leads",1,35.53,2022-01-07,2022-01-17,4,35.53,2021-11-20,,2022-01-31
"Giving Guide 2021 - Emotional","Philanthropy (Emotional)","Auto_Cropped_AR_4_X_5_DCO_ggwc_emotional_set_2 (1).mp4 (241881881223781)","Philanthropy (Emotional)",536,716,"7-day click or 1-day view","Meta Leads",4,33.160953899919,2021-11-30,2021-12-20,8,8.2902384749798,2021-11-20,,2022-01-31
"Giving Guide 2021 – Emotional V3","Philanthropy (Emotional V3)","cropped_4X5_(x, y)_(0, 172)_width_720px_height_899px_New Giving Guide Video Ad Filmed Emotional - Animals.m4v (448955280029775)","Philanthropy (Emotional V3)",2995,3146,"7-day click or 1-day view",,,32.454462738978,2021-12-23,2022-01-04,2,,2021-11-20,,2022-01-31
"Giving Guide 2021 – Emotional V3","Lookalikes (Emotional V3)","ggwc_emotional_set_1 (1).mp4 (869866030367680)","Lookalikes (Emotional V3)",1466,1707,"7-day click or 1-day view","Meta Leads",4,32.2,2021-12-23,2022-01-04,7,8.05,2021-11-20,,2022-01-31
"Giving Guide 2021 - Emotional","Lookalikes (Emotional)","ggwc_emotional_set_1 (1).mp4 (869866030367680)","Lookalikes (Emotional)",336,408,"7-day click or 1-day view","Meta Leads",3,31.092990547015,2021-11-30,2021-12-20,5,10.364330182338,2021-11-20,,2022-01-31
"Giving Guide 2021 – PPCo Creatives","Emotional + Factual (Animated)","ggwc_emotional_set_2 (1).mp4 (717231612998210)","Climate Change + Lookalikes (18-39)",1580,1811,"7-day click or 1-day view","Meta Leads",2,29.613059168131,2022-01-07,2022-01-17,8,14.806529584066,2021-11-20,,2022-01-31
"Giving Guide 2021 – Hypercube Brand Video","Hypercube Brand Video (Animated)","[Version 02] Giving What We Can Promo Video Final - CTA Visit GWWC.org [2021-29-11]_compressed.m4v (866994837312979)","Lookalikes (18-39)",960,1144,"7-day click or 1-day view","Meta Leads",3,29,2022-01-07,2022-01-17,7,9.6666666666667,2021-11-20,,2022-01-31
"Giving Guide 2021 – Factual V3","Climate Change (Factual V3)","gg_factual_short.mp4 (1298714567312091)","Climate Change (Factual V3)",1499,2239,"7-day click or 1-day view","Meta Leads",3,27.63,2021-12-23,2022-01-04,13,9.21,2021-11-20,,2022-01-31
"Giving Guide 2021 – Factual","Climate Change (Factual)","ggwc_factual_final1 (1).mp4 (886232108921551)","Climate Change (Factual)",344,485,"7-day click or 1-day view","Meta Leads",3,26.106378841673,2021-11-30,2021-12-08,7,8.7021262805577,2021-11-20,,2022-01-31
"Giving Guide 2021 - Emotional","Philanthropy (Emotional)","ggwc_emotional_set_3 (1).mp4 (287217033315901)","Philanthropy (Emotional)",757,853,"7-day click or 1-day view",,,25.719322512929,2021-11-30,2021-12-20,7,,2021-11-20,,2022-01-31
"Giving Guide 2021 - Emotional","Lookalikes (Emotional)","Auto_Cropped_AR_4_X_5_DCO_ggwc_emotional_set_1 (1).mp4 (781205209944796)","Lookalikes (Emotional)",329,378,"7-day click or 1-day view","Meta Leads",2,24.778321401484,2021-11-30,2021-12-20,3,12.389160700742,2021-11-20,,2022-01-31
"Giving Guide 2021 – Emotional V3","Philanthropy (Emotional V3)","ggwc_emotional_set_3 (1).mp4 (287217033315901)","Philanthropy (Emotional V3)",1783,1972,"7-day click or 1-day view","Meta Leads",2,24.058133957602,2021-12-23,2022-01-04,4,12.029066978801,2021-11-20,,2022-01-31
"Giving Guide 2021 – PPCo Creatives","Emotional + Factual (Animated)","gg_factual_short.mp4 (1298714567312091)","Global Poverty (18-39)",2095,2255,"7-day click or 1-day view","Meta Leads",3,23.44,2022-01-07,2022-01-17,6,7.8133333333333,2021-11-20,,2022-01-31
"Giving Guide 2021 – Emotional V3","Philanthropy (Emotional V3)","ggwc_emotional_set_2 (1).mp4 (717231612998210)","Philanthropy (Emotional V3)",1966,2215,"7-day click or 1-day view","Meta Leads",3,23.35760593055,2021-12-23,2022-01-04,7,7.7858686435167,2021-11-20,,2022-01-31
"Giving Guide 2021 – PPCo Creatives","Emotional + Factual (Animated)","ggwc_emotional_set_1 (1).mp4 (869866030367680)","Lookalikes (18-39)",1108,1209,"7-day click or 1-day view","Meta Leads",2,22.85,2022-01-07,2022-01-17,5,11.425,2021-11-20,,2022-01-31
"Giving Guide 2021 – Factual","Philanthropy (Factual)","gg_factual_short.mp4 (1298714567312091)","Philanthropy (Factual)",702,759,"7-day click or 1-day view","Meta Leads",1,21.139354365819,2021-11-30,2021-12-08,2,21.139354365819,2021-11-20,,2022-01-31
"Giving Guide 2021 – PPCo Creatives","Emotional + Factual (Animated)","gg_factual_short.mp4 (1298714567312091)","Lookalikes (18-39)",2005,2139,"7-day click or 1-day view",,,20.98,2022-01-07,2022-01-17,5,,2021-11-20,,2022-01-31
"Giving Guide 2021 – Hypercube Brand Video","Hypercube Brand Video (Animated)","[Version 02] Giving What We Can Promo Video Final - CTA Visit GWWC.org [2021-29-11]_compressed.m4v (866994837312979)","Global Poverty + Lookalikes (18-39)",652,769,"7-day click or 1-day view",,,20.47,2022-01-07,2022-01-17,1,,2021-11-20,,2022-01-31
"Giving Guide 2021 - Emotional","Lookalikes (Emotional)","ggwc_emotional_set_2 (1).mp4 (717231612998210)","Lookalikes (Emotional)",354,387,"7-day click or 1-day view","Meta Leads",2,19.624510609172,2021-11-30,2021-12-20,7,9.8122553045859,2021-11-20,,2022-01-31
"Giving Guide 2021 – PPCo Creatives","Emotional + Factual (Animated)","ggwc_emotional_set_1 (1).mp4 (869866030367680)","Philanthropy + Lookalikes (18-39)",779,854,"7-day click or 1-day view","Meta Leads",1,19.41,2022-01-07,2022-01-17,5,19.41,2021-11-20,,2022-01-31
"Giving Guide 2021 – Factual","Animal Welfare (Factual)","gg_factual_short.mp4 (1298714567312091)","Animal Welfare (Factual)",671,697,"7-day click or 1-day view",,,19.406233993015,2021-11-30,2021-12-08,3,,2021-11-20,,2022-01-31
"Giving Guide 2021 – Hypercube Brand Video","Hypercube Brand Video (Animated)","[Version 02] Giving What We Can Promo Video Final - CTA Visit GWWC.org [2021-29-11]_compressed.m4v (866994837312979)","Animal Welfare  + Lookalikes (18-39)",654,841,"7-day click or 1-day view","Meta Leads",2,18.6,2022-01-07,2022-01-17,5,9.3,2021-11-20,,2022-01-31
"Giving Guide 2021 – PPCo Creatives","Emotional + Factual (Animated)","gg_factual_short.mp4 (1298714567312091)","Philanthropy + Lookalikes (18-39)",1368,1483,"7-day click or 1-day view","Meta Leads",2,18.24,2022-01-07,2022-01-17,5,9.12,2021-11-20,,2022-01-31
"Giving Guide 2021 – Factual","Philanthropy (Factual)","ggwc_factual_final1 (1).mp4 (886232108921551)","Philanthropy (Factual)",247,349,"7-day click or 1-day view",,,18.229443239776,2021-11-30,2021-12-08,4,,2021-11-20,,2022-01-31
"Giving Guide 2021 – PPCo Creatives","Emotional + Factual (Animated)","ggwc_emotional_set_2 (1).mp4 (717231612998210)","Lookalikes (18-39)",948,1021,"7-day click or 1-day view","Meta Leads",2,17.73,2022-01-07,2022-01-17,6,8.865,2021-11-20,,2022-01-31
"Giving Guide 2021 – PPCo Creatives","Emotional + Factual (Animated)","ggwc_emotional_set_1 (1).mp4 (869866030367680)","Animal Welfare  + Lookalikes (18-39)",592,708,"7-day click or 1-day view",,,17.54,2022-01-07,2022-01-17,5,,2021-11-20,,2022-01-31
"Giving Guide 2021 – Emotional V3","Global Poverty (Emotional V3)","cropped_4X5_(x, y)_(0, 158)_width_720px_height_899px_New Giving Guide Video Ad Filmed Emotional - Global Poverty.m4v (265751598880484)","Global Poverty (Emotional V3)",1070,1138,"7-day click or 1-day view","Meta Leads",3,15.4,2021-12-23,2022-01-04,5,5.1333333333333,2021-11-20,,2022-01-31
"Giving Guide 2021 – Factual","Climate Change (Factual)","gg_factual_short.mp4 (1298714567312091)","Climate Change (Factual)",576,607,"7-day click or 1-day view",,,14.997919671585,2021-11-30,2021-12-08,2,,2021-11-20,,2022-01-31
"Giving Guide 2021 – PPCo Creatives","Emotional + Factual (Animated)","ggwc_emotional_set_3 (1).mp4 (287217033315901)","General Population (18-39)",1162,1325,"7-day click or 1-day view","Meta Leads",1,14.82,2022-01-07,2022-01-17,3,14.82,2021-11-20,,2022-01-31
"Giving Guide 2021 – PPCo Creatives","Emotional + Factual (Animated)","gg_factual_short.mp4 (1298714567312091)","Global Poverty + Lookalikes (18-39)",962,1112,"7-day click or 1-day view","Meta Leads",2,14.71,2022-01-07,2022-01-17,3,7.355,2021-11-20,,2022-01-31
"Giving Guide 2021 – Emotional V3","Philanthropy (Emotional V3)","cropped_4X5_(x, y)_(0, 158)_width_720px_height_899px_New Giving Guide Video Ad Filmed Emotional - Global Poverty.m4v (265751598880484)","Philanthropy (Emotional V3)",1324,1393,"7-day click or 1-day view","Meta Leads",2,14.67105839511,2021-12-23,2022-01-04,7,7.3355291975549,2021-11-20,,2022-01-31
"Giving Guide 2021 - Emotional","Lookalikes (Emotional)","Auto_Cropped_AR_4_X_5_DCO_Free Effective Giving Guide 2021 (1085039132312056)","Lookalikes (Emotional)",234,249,"7-day click or 1-day view","Meta Leads",1,14.490714616053,2021-11-30,2021-12-20,3,14.490714616053,2021-11-20,,2022-01-31
"Giving Guide 2021 - Emotional","Philanthropy (Emotional)","ggwc_emotional_set_2 (1).mp4 (717231612998210)","Philanthropy (Emotional)",252,331,"7-day click or 1-day view","Meta Leads",2,13.567670720409,2021-11-30,2021-12-20,5,6.7838353602045,2021-11-20,,2022-01-31
"Giving Guide 2021 – Factual V3","Philanthropy (Factual V3)","gg_factual_short.mp4 (1298714567312091)","Philanthropy (Factual V3)",566,796,"7-day click or 1-day view","Meta Leads",1,13.53,2021-12-23,2022-01-04,6,13.53,2021-11-20,,2022-01-31
"Giving Guide 2021 – Factual V3","Lookalikes (Factual V3)","gg_factual_short.mp4 (1298714567312091)","Lookalikes (Factual V3)",475,680,"7-day click or 1-day view",,,13.13,2021-12-23,2022-01-04,,,2021-11-20,,2022-01-31
"Giving Guide 2021 – Factual V2","Philanthropy (Factual V2)","Auto_Cropped_AR_4_X_5_DCO_V4_gg_factual_short.mp4 (2872565799632641)","Philanthropy (Factual V2)",200,227,"7-day click or 1-day view","Meta Leads",1,11.325348160466,2021-12-08,2021-12-20,2,11.325348160466,2021-11-20,,2022-01-31
"Giving Guide 2021 – Emotional V3","Lookalikes (Emotional V3)","cropped_4X5_(x, y)_(0, 158)_width_720px_height_899px_New Giving Guide Video Ad Filmed Emotional - Global Poverty.m4v (265751598880484)","Lookalikes (Emotional V3)",479,500,"7-day click or 1-day view","Meta Leads",1,10.53,2021-12-23,2022-01-04,4,10.53,2021-11-20,,2022-01-31
"Giving Guide 2021 – Emotional V3","Lookalikes (Emotional V3)","cropped_4X5_(x, y)_(0, 172)_width_720px_height_899px_New Giving Guide Video Ad Filmed Emotional - Animals.m4v (448955280029775)","Lookalikes (Emotional V3)",555,571,"7-day click or 1-day view","Meta Leads",1,9.88,2021-12-23,2022-01-04,2,9.88,2021-11-20,,2022-01-31
"Giving Guide 2021 – Hypercube Brand Video","Hypercube Brand Video (Animated)","Free Effective Giving Guide 2021 (866994837312979)","Philanthropy (18-39)",399,592,"7-day click or 1-day view","Meta Leads",2,9.56,2022-01-07,2022-01-17,2,4.78,2021-11-20,,2022-01-31
"Giving Guide 2021 – Emotional V3","Animal Welfare (Emotional V3)","ggwc_emotional_set_1 (1).mp4 (869866030367680)","Animal Welfare (Emotional V3)",477,684,"7-day click or 1-day view",,,9.45,2021-12-23,2022-01-04,5,,2021-11-20,,2022-01-31
"Giving Guide 2021 – Factual","Lookalikes (Factual)","gg_factual_short.mp4 (1298714567312091)","Lookalikes (Factual)",143,149,"7-day click or 1-day view","Meta Leads",1,9.32,2021-11-30,2021-12-08,1,9.32,2021-11-20,,2022-01-31
"Giving Guide 2021 – Factual V2","Climate Change (Factual V2)","Auto_Cropped_AR_4_X_5_DCO_V4_gg_factual_short.mp4 (2872564422966112)","Climate Change (Factual V2)",182,213,"7-day click or 1-day view","Meta Leads",1,9.0035536343476,2021-12-08,2021-12-20,1,9.0035536343476,2021-11-20,,2022-01-31
"Giving Guide 2021 - Emotional","Global Poverty (Emotional)","Auto_Cropped_AR_4_X_5_DCO_Free Effective Giving Guide 2021 (1084968595652443)","Global Poverty (Emotional)",302,359,"7-day click or 1-day view","Meta Leads",1,8.2771052324904,2021-11-30,2021-12-20,1,8.2771052324904,2021-11-20,,2022-01-31
"Giving Guide 2021 – PPCo Creatives","Emotional + Factual (Animated)","ggwc_emotional_set_3 (1).mp4 (287217033315901)","Philanthropy (18-39)",617,659,"7-day click or 1-day view","Meta Leads",1,8.19,2022-01-07,2022-01-18,2,8.19,2021-11-20,,2022-01-31
"Giving Guide 2021 - Emotional","Lookalikes (Emotional)","ggwc_emotional_set_3 (1).mp4 (287217033315901)","Lookalikes (Emotional)",139,146,"7-day click or 1-day view","Meta Leads",1,8.0159270769743,2021-11-30,2021-12-20,2,8.0159270769743,2021-11-20,,2022-01-31
"Giving Guide 2021 - Emotional","Climate Change (Emotional)","Auto_Cropped_AR_4_X_5_DCO_ggwc_emotional_set_2 (1).mp4 (241882167890419)","Climate Change (Emotional)",165,244,"7-day click or 1-day view",,,7.8130985915493,2021-11-30,2021-12-20,,,2021-11-20,,2022-01-31
"Giving Guide 2021 – Factual V2","Animal Welfare (Factual V2)","Auto_Cropped_AR_4_X_5_DCO_V4_gg_factual_short.mp4 (2872566226299265)","Animal Welfare (Factual V2)",177,196,"7-day click or 1-day view",,,7.7844217198195,2021-12-08,2021-12-20,1,,2021-11-20,,2022-01-31
"Giving Guide 2021 – PPCo Creatives","Emotional + Factual (Animated)","ggwc_emotional_set_2 (1).mp4 (717231612998210)","Philanthropy + Lookalikes (18-39)",441,478,"7-day click or 1-day view","Meta Leads",1,7.48,2022-01-07,2022-01-17,1,7.48,2021-11-20,,2022-01-31
"Giving Guide 2021 – Factual","Global Poverty (Factual)","ggwc_factual_final1 (1).mp4 (886232108921551)","Global Poverty (Factual)",133,166,"7-day click or 1-day view","Meta Leads",1,7.39,2021-11-30,2021-12-08,2,7.39,2021-11-20,,2022-01-31
"Giving Guide 2021 – Emotional V3","Animal Welfare (Emotional V3)","New Giving Guide Video Ad Filmed Emotional - Animals.m4v (3000441363603721)","Animal Welfare (Emotional V3)",417,423,"7-day click or 1-day view",,,6.22,2021-12-23,2022-01-04,,,2021-11-20,,2022-01-31
"Giving Guide 2021 – Factual","Animal Welfare (Factual)","ggwc_factual_final1 (1).mp4 (886232108921551)","Animal Welfare (Factual)",98,129,"7-day click or 1-day view","Meta Leads",2,6.1887989910749,2021-11-30,2021-12-08,2,3.0943994955374,2021-11-20,,2022-01-31
"Giving Guide 2021 – Factual V2","Philanthropy (Factual V2)","Auto_Cropped_AR_4_X_5_DCO_V3_gg_factual_short.mp4 (894866064555487)","Philanthropy (Factual V2)",90,101,"7-day click or 1-day view","Meta Leads",1,6.1509224231506,2021-12-08,2021-12-20,1,6.1509224231506,2021-11-20,,2022-01-31
"Giving Guide 2021 – PPCo Creatives","Emotional + Factual (Animated)","Auto_Cropped_AR_4_X_5_DCO_V4_gg_factual_short.mp4 (2892970160925538)","Climate Change (18-39)",185,264,"7-day click or 1-day view",,,6.04,2022-01-07,2022-01-17,1,,2021-11-20,,2022-01-31
"Giving Guide 2021 – Emotional V3","Philanthropy (Emotional V3)","ggwc_emotional_set_1 (1).mp4 (869866030367680)","Philanthropy (Emotional V3)",276,391,"7-day click or 1-day view",,,5.8343977110157,2021-12-23,2022-01-04,1,,2021-11-20,,2022-01-31
"Giving Guide 2021 – Hypercube Brand Video","Hypercube Brand Video (Animated)","Free Effective Giving Guide 2021 (866994837312979)","Climate Change (18-39)",240,369,"7-day click or 1-day view","Meta Leads",2,5.77,2022-01-07,2022-01-17,3,2.885,2021-11-20,,2022-01-31
"Giving Guide 2021 – Factual","Global Poverty (Factual)","gg_factual_short.mp4 (1298714567312091)","Global Poverty (Factual)",240,246,"7-day click or 1-day view",,,5.64,2021-11-30,2021-12-08,,,2021-11-20,,2022-01-31
"Giving Guide 2021 – Factual V2","Philanthropy (Factual V2)","Auto_Cropped_AR_4_X_5_DCO_gg_factual_short.mp4 (2960025267645896)","Philanthropy (Factual V2)",113,126,"7-day click or 1-day view","Meta Leads",1,5.5670378068778,2021-12-08,2021-12-20,1,5.5670378068778,2021-11-20,,2022-01-31
"Giving Guide 2021 – Factual V2","Animal Welfare (Factual V2)","Auto_Cropped_AR_4_X_5_DCO_gg_factual_short.mp4 (2960025800979176)","Animal Welfare (Factual V2)",95,111,"7-day click or 1-day view",,,5.5545615626583,2021-12-08,2021-12-20,,,2021-11-20,,2022-01-31
"Giving Guide 2021 - Emotional","Global Poverty (Emotional)","ggwc_emotional_set_3 (1).mp4 (287217033315901)","Global Poverty (Emotional)",147,168,"7-day click or 1-day view",,,5.3281365808181,2021-11-30,2021-12-20,1,,2021-11-20,,2022-01-31
"Giving Guide 2021 – Emotional V3","Global Poverty (Emotional V3)","ggwc_emotional_set_3 (1).mp4 (287217033315901)","Global Poverty (Emotional V3)",504,568,"7-day click or 1-day view",,,5.22,2021-12-23,2022-01-04,1,,2021-11-20,,2022-01-31
"Giving Guide 2021 – Factual V3","Philanthropy (Factual V3)","New Giving Guide Video Ad Filmed Factual Short.m4v (235565945256052)","Philanthropy (Factual V3)",538,578,"7-day click or 1-day view","Meta Leads",1,5.04,2021-12-23,2022-01-04,4,5.04,2021-11-20,,2022-01-31
"Giving Guide 2021 – Emotional V3","Animal Welfare (Emotional V3)","Auto_Cropped_AR_4_X_5_DCO_V2_ggwc_emotional_set_1 (1).mp4 (318096083501671)","Animal Welfare (Emotional V3)",197,314,"7-day click or 1-day view","Meta Leads",1,5.02,2021-12-23,2022-01-04,1,5.02,2021-11-20,,2022-01-31
"Giving Guide 2021 - Emotional","Lookalikes (Emotional)","Auto_Cropped_AR_4_X_5_DCO_ggwc_emotional_set_2 (1).mp4 (241964264548876)","Lookalikes (Emotional)",85,86,"7-day click or 1-day view",,,5.003699798361,2021-11-30,2021-12-20,1,,2021-11-20,,2022-01-31
"Giving Guide 2021 – PPCo Creatives","Emotional + Factual (Animated)","gg_factual_short.mp4 (1298714567312091)","Climate Change (18-39)",186,278,"7-day click or 1-day view","Meta Leads",1,4.87,2022-01-07,2022-01-17,3,4.87,2021-11-20,,2022-01-31
"Giving Guide 2021 – Hypercube Brand Video","Hypercube Brand Video (Animated)","Free Effective Giving Guide 2021 (866994837312979)","General Population (18-39)",244,343,"7-day click or 1-day view",,,4.79,2022-01-07,2022-01-17,1,,2021-11-20,,2022-01-31
"Giving Guide 2021 – Factual V2","Animal Welfare (Factual V2)","Auto_Cropped_AR_4_X_5_DCO_V3_gg_factual_short.mp4 (894866491222111)","Animal Welfare (Factual V2)",78,87,"7-day click or 1-day view","Meta Leads",1,4.6304753714023,2021-12-08,2021-12-20,3,4.6304753714023,2021-11-20,,2022-01-31
"Giving Guide 2021 – Emotional V3","Animal Welfare (Emotional V3)","cropped_4X5_(x, y)_(0, 172)_width_720px_height_899px_New Giving Guide Video Ad Filmed Emotional - Animals.m4v (448955280029775)","Animal Welfare (Emotional V3)",271,315,"7-day click or 1-day view",,,4.54,2021-12-23,2022-01-04,,,2021-11-20,,2022-01-31
"Giving Guide 2021 – PPCo Creatives","Emotional + Factual (Animated)","ggwc_emotional_set_1 (1).mp4 (869866030367680)","General Population (18-39)",137,200,"7-day click or 1-day view",,,4.09,2022-01-07,2022-01-17,1,,2021-11-20,,2022-01-31
"Giving Guide 2021 – Factual V2","Global Poverty (Factual V2)","Auto_Cropped_AR_4_X_5_DCO_V4_gg_factual_short.mp4 (2872564249632796)","Global Poverty (Factual V2)",71,79,"7-day click or 1-day view",,,4.0557793190168,2021-12-08,2021-12-20,1,,2021-11-20,,2022-01-31
"Giving Guide 2021 – PPCo Creatives","Emotional + Factual (Animated)","gg_factual_short.mp4 (1298714567312091)","Animal Welfare  + Lookalikes (18-39)",230,261,"7-day click or 1-day view",,,3.9,2022-01-07,2022-01-17,,,2021-11-20,,2022-01-31
"Giving Guide 2021 – Factual V2","Lookalikes (Factual V2)","Auto_Cropped_AR_4_X_5_DCO_V4_gg_factual_short.mp4 (2872565282966026)","Lookalikes (Factual V2)",87,90,"7-day click or 1-day view",,,3.8164984096252,2021-12-08,2021-12-20,1,,2021-11-20,,2022-01-31
"Giving Guide 2021 – Factual V3","Animal Welfare (Factual V3)","New Giving Guide Video Ad Filmed Factual Short.m4v (235565945256052)","Animal Welfare (Factual V3)",361,389,"7-day click or 1-day view","Meta Leads",2,3.7802829341317,2021-12-23,2022-01-04,3,1.8901414670659,2021-11-20,,2022-01-31
"Giving Guide 2021 – Emotional V3","Philanthropy (Emotional V3)","cropped_4X5_(x, y)_(0, 172)_width_720px_height_899px_New Giving Guide Video Ad Filmed Emotional - Animals.m4v (448955280029775)","Philanthropy (Emotional V3)",149,194,"7-day click or 1-day view",,,3.7027910001301,2021-12-23,2022-01-04,,,2021-11-20,,2022-01-31
"Giving Guide 2021 – Factual V2","Climate Change (Factual V2)","Auto_Cropped_AR_4_X_5_DCO_V3_gg_factual_short.mp4 (894864751222285)","Climate Change (Factual V2)",77,85,"7-day click or 1-day view","Meta Leads",1,3.6395211239067,2021-12-08,2021-12-20,1,3.6395211239067,2021-11-20,,2022-01-31
"Giving Guide 2021 – PPCo Creatives","Emotional + Factual (Animated)","ggwc_emotional_set_3 (1).mp4 (287217033315901)","Lookalikes (18-39)",225,237,"7-day click or 1-day view",,,3.59,2022-01-07,2022-01-17,1,,2021-11-20,,2022-01-31
"Giving Guide 2021 – Factual V2","Climate Change (Factual V2)","Auto_Cropped_AR_4_X_5_DCO_gg_factual_short.mp4 (2960024004312689)","Climate Change (Factual V2)",86,93,"7-day click or 1-day view",,,3.3387342541623,2021-12-08,2021-12-20,,,2021-11-20,,2022-01-31
"Giving Guide 2021 - Emotional","Climate Change (Emotional)","ggwc_emotional_set_2 (1).mp4 (717231612998210)","Climate Change (Emotional)",77,108,"7-day click or 1-day view",,,3.2913052965681,2021-11-30,2021-12-20,2,,2021-11-20,,2022-01-31
"Giving Guide 2021 - Emotional","Philanthropy (Emotional)","ggwc_emotional_set_1 (1).mp4 (869866030367680)","Retargeting (Emotional)",44,92,"7-day click or 1-day view","Meta Leads",1,3.0467967145791,2021-12-03,2021-12-20,3,3.0467967145791,2021-11-20,,2022-01-31
"Giving Guide 2021 – PPCo Creatives","Emotional + Factual (Animated)","Auto_Cropped_AR_4_X_5_DCO_V4_gg_factual_short.mp4 (2892970210925533)","General Population (18-39)",145,189,"7-day click or 1-day view",,,2.99,2022-01-07,2022-01-17,,,2021-11-20,,2022-01-31
"Giving Guide 2021 – Emotional V3","Animal Welfare (Emotional V3)","Auto_Cropped_AR_4_X_5_DCO_ggwc_emotional_set_1 (1).mp4 (797159631682687)","Animal Welfare (Emotional V3)",196,311,"7-day click or 1-day view",,,2.85,2021-12-23,2022-01-04,,,2021-11-20,,2022-01-31
"Giving Guide 2021 – PPCo Creatives","Emotional + Factual (Animated)","ggwc_emotional_set_3 (1).mp4 (287217033315901)","Global Poverty (18-39)",302,327,"7-day click or 1-day view",,,2.84,2022-01-07,2022-01-17,,,2021-11-20,,2022-01-31
"Giving Guide 2021 – PPCo Creatives","Emotional + Factual (Animated)","gg_factual_short.mp4 (1298714567312091)","Philanthropy (18-39)",100,121,"7-day click or 1-day view",,,2.7,2022-01-07,2022-01-18,,,2021-11-20,,2022-01-31
"Giving Guide 2021 – PPCo Creatives","Emotional + Factual (Animated)","ggwc_emotional_set_1 (1).mp4 (869866030367680)","Animal Welfare (18-39)",91,146,"7-day click or 1-day view","Meta Leads",1,2.5795893463497,2022-01-07,2022-01-17,2,2.5795893463497,2021-11-20,,2022-01-31
"Giving Guide 2021 – Emotional V3","Philanthropy (Emotional V3)","Auto_Cropped_AR_4_X_5_DCO_ggwc_emotional_set_1 (1).mp4 (797160248349292)","Philanthropy (Emotional V3)",107,170,"7-day click or 1-day view",,,2.4518480946807,2021-12-23,2022-01-04,,,2021-11-20,,2022-01-31
"Giving Guide 2021 – Factual V3","Climate Change (Factual V3)","New Giving Guide Video Ad Filmed Factual Short.m4v (235565945256052)","Climate Change (Factual V3)",298,314,"7-day click or 1-day view",,,2.45,2021-12-23,2022-01-04,,,2021-11-20,,2022-01-31
"Giving Guide 2021 – PPCo Creatives","Emotional + Factual (Animated)","Auto_Cropped_AR_4_X_5_DCO_V4_gg_factual_short.mp4 (2892971130925441)","Philanthropy (18-39)",101,128,"7-day click or 1-day view",,,2.44,2022-01-07,2022-01-18,1,,2021-11-20,,2022-01-31
"Giving Guide 2021 – Factual V2","Lookalikes (Factual V2)","Auto_Cropped_AR_4_X_5_DCO_gg_factual_short.mp4 (2960025150979241)","Lookalikes (Factual V2)",44,50,"7-day click or 1-day view",,,2.3239570368322,2021-12-08,2021-12-20,1,,2021-11-20,,2022-01-31
"Giving Guide 2021 – PPCo Creatives","Emotional + Factual (Animated)","ggwc_emotional_set_1 (1).mp4 (869866030367680)","Philanthropy (18-39)",77,94,"7-day click or 1-day view",,,2.32,2022-01-07,2022-01-18,1,,2021-11-20,,2022-01-31
"Giving Guide 2021 - Emotional","Lookalikes (Emotional)","ggwc_emotional_set_2 (1).mp4 (717231612998210)","Lookalikes (Emotional)",41,41,"7-day click or 1-day view",,,2.2916945076493,2021-11-30,2021-12-20,1,,2021-11-20,,2022-01-31
"Giving Guide 2021 – PPCo Creatives","Emotional + Factual (Animated)","gg_factual_short.mp4 (1298714567312091)","General Population (18-39)",143,189,"7-day click or 1-day view",,,2.22,2022-01-07,2022-01-17,,,2021-11-20,,2022-01-31
"Giving Guide 2021 – Factual V3","Animal Welfare (Factual V3)","cropped_4X5_(x, y)_(0, 394)_width_1080px_height_1354px_New Giving Guide Video Ad Filmed Factual Short.m4v (487059362838361)","Animal Welfare (Factual V3)",161,167,"7-day click or 1-day view",,,2.1901639221557,2021-12-23,2022-01-04,,,2021-11-20,,2022-01-31
"Giving Guide 2021 – PPCo Creatives","Emotional + Factual (Animated)","Auto_Cropped_AR_4_X_5_DCO_V4_gg_factual_short.mp4 (2892971217592099)","Climate Change + Lookalikes (18-39)",60,71,"7-day click or 1-day view",,,2.1295008787346,2022-01-07,2022-01-17,,,2021-11-20,,2022-01-31
"Giving Guide 2021 – Factual V3","Global Poverty (Factual V3)","gg_factual_short.mp4 (1298714567312091)","Global Poverty (Factual V3)",115,131,"7-day click or 1-day view",,,2.07,2021-12-23,2022-01-04,,,2021-11-20,,2022-01-31
"Giving Guide 2021 – Hypercube Brand Video","Hypercube Brand Video (Animated)","Free Effective Giving Guide 2021 (866994837312979)","Animal Welfare (18-39)",36,49,"7-day click or 1-day view",,,2.07,2022-01-07,2022-01-17,1,,2021-11-20,,2022-01-31
"Giving Guide 2021 – Factual","Lookalikes (Factual)","ggwc_factual_final1 (1).mp4 (886232108921551)","Lookalikes (Factual)",18,21,"7-day click or 1-day view",,,2.06,2021-11-30,2021-12-08,,,2021-11-20,,2022-01-31
"Giving Guide 2021 – Emotional V3","Climate Change (Emotional V3)","ggwc_emotional_set_2 (1).mp4 (717231612998210)","Climate Change (Emotional V3)",187,194,"7-day click or 1-day view","Meta Leads",2,2.04,2021-12-23,2022-01-04,2,1.02,2021-11-20,,2022-01-31
"Giving Guide 2021 – Factual V2","Retargeting (Factual V2)","gg_factual_short.mp4 (1298714567312091)","Retargeting (Factual V2)",20,34,"7-day click or 1-day view",,,2.02,2021-12-08,2021-12-20,1,,2021-11-20,,2022-01-31
"Giving Guide 2021 – Factual V2","Global Poverty (Factual V2)","Auto_Cropped_AR_4_X_5_DCO_gg_factual_short.mp4 (2960023994312690)","Global Poverty (Factual V2)",41,48,"7-day click or 1-day view",,,2.0178006562273,2021-12-08,2021-12-20,,,2021-11-20,,2022-01-31
"Giving Guide 2021 – Factual V3","Global Poverty (Factual V3)","New Giving Guide Video Ad Filmed Factual Short.m4v (235565945256052)","Global Poverty (Factual V3)",66,78,"7-day click or 1-day view",,,1.98,2021-12-23,2022-01-04,,,2021-11-20,,2022-01-31
"Giving Guide 2021 – Emotional V3","Lookalikes (Emotional V3)","ggwc_emotional_set_2 (1).mp4 (717231612998210)","Lookalikes (Emotional V3)",38,65,"7-day click or 1-day view",,,1.94,2021-12-23,2022-01-04,1,,2021-11-20,,2022-01-31
"Giving Guide 2021 – Emotional V3","Lookalikes (Emotional V3)","ggwc_emotional_set_3 (1).mp4 (287217033315901)","Lookalikes (Emotional V3)",115,117,"7-day click or 1-day view","Meta Leads",1,1.89,2021-12-23,2022-01-04,2,1.89,2021-11-20,,2022-01-31
"Giving Guide 2021 – Emotional V3","Philanthropy (Emotional V3)","Auto_Cropped_AR_4_X_5_DCO_V2_ggwc_emotional_set_1 (1).mp4 (318096646834948)","Philanthropy (Emotional V3)",124,184,"7-day click or 1-day view",,,1.8313804135778,2021-12-23,2022-01-04,1,,2021-11-20,,2022-01-31
"Giving Guide 2021 – Factual V3","Animal Welfare (Factual V3)","Auto_Cropped_AR_4_X_5_DCO_V4_gg_factual_short.mp4 (2882597271962827)","Animal Welfare (Factual V3)",166,175,"7-day click or 1-day view","Meta Leads",1,1.750130988024,2021-12-23,2022-01-04,1,1.750130988024,2021-11-20,,2022-01-31
"Giving Guide 2021 – Emotional V3","Lookalikes (Emotional V3)","ggwc_emotional_set_1 (1).mp4 (869866030367680)","Lookalikes (Emotional V3)",90,119,"7-day click or 1-day view",,,1.74,2021-12-23,2022-01-04,,,2021-11-20,,2022-01-31
"Giving Guide 2021 – Factual V2","Global Poverty (Factual V2)","Auto_Cropped_AR_4_X_5_DCO_V3_gg_factual_short.mp4 (894864634555630)","Global Poverty (Factual V2)",46,55,"7-day click or 1-day view",,,1.6747745446686,2021-12-08,2021-12-20,,,2021-11-20,,2022-01-31
"Giving Guide 2021 – Emotional V3","Lookalikes (Emotional V3)","cropped_4X5_(x, y)_(0, 172)_width_720px_height_899px_New Giving Guide Video Ad Filmed Emotional - Animals.m4v (448955280029775)","Lookalikes (Emotional V3)",61,70,"7-day click or 1-day view",,,1.49,2021-12-23,2022-01-04,1,,2021-11-20,,2022-01-31
"Giving Guide 2021 – Factual V3","Animal Welfare (Factual V3)","Auto_Cropped_AR_4_X_5_DCO_V3_gg_factual_short.mp4 (903414753700618)","Animal Welfare (Factual V3)",110,115,"7-day click or 1-day view",,,1.4401077844311,2021-12-23,2022-01-04,,,2021-11-20,,2022-01-31
"Giving Guide 2021 – PPCo Creatives","Emotional + Factual (Animated)","gg_factual_short.mp4 (1298714567312091)","Climate Change + Lookalikes (18-39)",64,81,"7-day click or 1-day view",,,1.4196672524897,2022-01-07,2022-01-17,,,2021-11-20,,2022-01-31
"Giving Guide 2021 – Factual V3","Animal Welfare (Factual V3)","Auto_Cropped_AR_4_X_5_DCO_gg_factual_short.mp4 (2970963596552063)","Animal Welfare (Factual V3)",102,107,"7-day click or 1-day view",,,1.4001047904192,2021-12-23,2022-01-04,,,2021-11-20,,2022-01-31
"Giving Guide 2021 – Emotional V3","Philanthropy (Emotional V3)","New Giving Guide Video Ad Filmed Emotional - Animals.m4v (3000441363603721)","Philanthropy (Emotional V3)",129,135,"7-day click or 1-day view",,,1.3910485108597,2021-12-23,2022-01-04,,,2021-11-20,,2022-01-31
"Giving Guide 2021 – Hypercube Brand Video","Hypercube Brand Video (Animated)","Free Effective Giving Guide 2021 (866994837312979)","Global Poverty (18-39)",54,62,"7-day click or 1-day view",,,1.32,2022-01-07,2022-01-17,,,2021-11-20,,2022-01-31
"Giving Guide 2021 – Factual V2","Lookalikes (Factual V2)","Auto_Cropped_AR_4_X_5_DCO_V3_gg_factual_short.mp4 (894865691222191)","Lookalikes (Factual V2)",36,37,"7-day click or 1-day view",,,1.2721661365417,2021-12-08,2021-12-20,1,,2021-11-20,,2022-01-31
"Giving Guide 2021 – Emotional V3","Philanthropy (Emotional V3)","cropped_4X5_(x, y)_(0, 158)_width_720px_height_899px_New Giving Guide Video Ad Filmed Emotional - Global Poverty.m4v (265751598880484)","Philanthropy (Emotional V3)",128,142,"7-day click or 1-day view",,,1.2409353622057,2021-12-23,2022-01-04,,,2021-11-20,,2022-01-31
"Giving Guide 2021 – Factual V3","Philanthropy (Factual V3)","cropped_4X5_(x, y)_(0, 394)_width_1080px_height_1354px_New Giving Guide Video Ad Filmed Factual Short.m4v (487059362838361)","Philanthropy (Factual V3)",112,116,"7-day click or 1-day view","Meta Leads",1,1.24,2021-12-23,2022-01-04,2,1.24,2021-11-20,,2022-01-31
"Giving Guide 2021 – Emotional V3","Climate Change (Emotional V3)","New Giving Guide Video Ad Filmed Emotional - Climate Change.m4v (279496877544018)","Climate Change (Emotional V3)",86,87,"7-day click or 1-day view",,,1.12,2021-12-23,2022-01-04,,,2021-11-20,,2022-01-31
"Giving Guide 2021 – Factual","Retargeting (Factual)","ggwc_factual_final1 (1).mp4 (886232108921551)","Retargeting (Factual)",6,11,"7-day click or 1-day view","Meta Leads",1,1.12,2021-12-03,2021-12-08,2,1.12,2021-11-20,,2022-01-31
"Giving Guide 2021 – Hypercube Brand Video","Hypercube Brand Video (Animated)","[Version 02] Giving What We Can Promo Video Final - CTA Visit GWWC.org [2021-29-11]_compressed.m4v (866994837312979)","Retargeting (18-39)",49,82,"7-day click or 1-day view",,,1.08,2022-01-07,2022-01-17,,,2021-11-20,,2022-01-31
"Giving Guide 2021 – PPCo Creatives","Emotional + Factual (Animated)","ggwc_emotional_set_3 (1).mp4 (287217033315901)","Philanthropy + Lookalikes (18-39)",47,50,"7-day click or 1-day view",,,1.06,2022-01-07,2022-01-17,,,2021-11-20,,2022-01-31
"Giving Guide 2021 – PPCo Creatives","Emotional + Factual (Animated)","ggwc_emotional_set_2 (1).mp4 (717231612998210)","Climate Change (18-39)",42,51,"7-day click or 1-day view",,,1.02,2022-01-07,2022-01-17,2,,2021-11-20,,2022-01-31
"Giving Guide 2021 – Factual V3","Lookalikes (Factual V3)","New Giving Guide Video Ad Filmed Factual Short.m4v (235565945256052)","Lookalikes (Factual V3)",58,62,"7-day click or 1-day view","Meta Leads",1,0.98,2021-12-23,2022-01-04,1,0.98,2021-11-20,,2022-01-31
"Giving Guide 2021 – Factual V3","Climate Change (Factual V3)","cropped_4X5_(x, y)_(0, 394)_width_1080px_height_1354px_New Giving Guide Video Ad Filmed Factual Short.m4v (487059362838361)","Climate Change (Factual V3)",94,94,"7-day click or 1-day view",,,0.93,2021-12-23,2022-01-04,,,2021-11-20,,2022-01-31
"Giving Guide 2021 - Emotional","Philanthropy (Emotional)","ggwc_emotional_set_1 (1).mp4 (869866030367680)","Retargeting (Emotional)",16,30,"7-day click or 1-day view",,,0.9023613963039,2021-12-03,2021-12-20,,,2021-11-20,,2022-01-31
"Giving Guide 2021 – PPCo Creatives","Emotional + Factual (Animated)","Auto_Cropped_AR_4_X_5_DCO_V4_gg_factual_short.mp4 (2892971737592047)","Philanthropy + Lookalikes (18-39)",11,15,"7-day click or 1-day view",,,0.88,2022-01-07,2022-01-17,,,2021-11-20,,2022-01-31
"Giving Guide 2021 – Factual V3","Climate Change (Factual V3)","Auto_Cropped_AR_4_X_5_DCO_V4_gg_factual_short.mp4 (2882597611962793)","Climate Change (Factual V3)",47,49,"7-day click or 1-day view",,,0.86,2021-12-23,2022-01-04,1,,2021-11-20,,2022-01-31
"Giving Guide 2021 – PPCo Creatives","Emotional + Factual (Animated)","Auto_Cropped_AR_4_X_5_DCO_V4_gg_factual_short.mp4 (2892970624258825)","Global Poverty + Lookalikes (18-39)",17,22,"7-day click or 1-day view",,,0.83,2022-01-07,2022-01-17,,,2021-11-20,,2022-01-31
"Giving Guide 2021 – PPCo Creatives","Emotional + Factual (Animated)","gg_factual_short.mp4 (1298714567312091)","Animal Welfare (18-39)",40,52,"7-day click or 1-day view",,,0.81986948217317,2022-01-07,2022-01-17,,,2021-11-20,,2022-01-31
"Giving Guide 2021 – Hypercube Brand Video","Hypercube Brand Video (Animated)","Free Effective Giving Guide 2021 (866994837312979)","Lookalikes (18-39)",39,50,"7-day click or 1-day view",,,0.81,2022-01-07,2022-01-17,,,2021-11-20,,2022-01-31
"Giving Guide 2021 – Emotional V3","Lookalikes (Emotional V3)","cropped_4X5_(x, y)_(0, 158)_width_720px_height_899px_New Giving Guide Video Ad Filmed Emotional - Global Poverty.m4v (265751598880484)","Lookalikes (Emotional V3)",24,27,"7-day click or 1-day view",,,0.71,2021-12-23,2022-01-04,,,2021-11-20,,2022-01-31
"Giving Guide 2021 – Emotional V3","Lookalikes (Emotional V3)","Auto_Cropped_AR_4_X_5_DCO_V2_ggwc_emotional_set_1 (1).mp4 (318095713501708)","Lookalikes (Emotional V3)",48,72,"7-day click or 1-day view",,,0.69,2021-12-23,2022-01-04,,,2021-11-20,,2022-01-31
"Giving Guide 2021 – Hypercube Brand Video","Hypercube Brand Video (Animated)","Free Effective Giving Guide 2021 (866994837312979)","Philanthropy + Lookalikes (18-39)",16,32,"7-day click or 1-day view",,,0.63,2022-01-07,2022-01-17,,,2021-11-20,,2022-01-31
"Giving Guide 2021 – Factual V3","Lookalikes (Factual V3)","cropped_4X5_(x, y)_(0, 394)_width_1080px_height_1354px_New Giving Guide Video Ad Filmed Factual Short.m4v (487059362838361)","Lookalikes (Factual V3)",19,20,"7-day click or 1-day view",,,0.63,2021-12-23,2022-01-04,,,2021-11-20,,2022-01-31
"Giving Guide 2021 – Factual V3","Climate Change (Factual V3)","Auto_Cropped_AR_4_X_5_DCO_gg_factual_short.mp4 (2970964036552019)","Climate Change (Factual V3)",30,32,"7-day click or 1-day view",,,0.61,2021-12-23,2022-01-04,,,2021-11-20,,2022-01-31
"Giving Guide 2021 – PPCo Creatives","Emotional + Factual (Animated)","gg_factual_short.mp4 (1298714567312091)","Retargeting (18-39)",19,32,"7-day click or 1-day view",,,0.61,2022-01-07,2022-01-18,,,2021-11-20,,2022-01-31
"Giving Guide 2021 – PPCo Creatives","Emotional + Factual (Animated)","Auto_Cropped_AR_4_X_5_DCO_V4_gg_factual_short.mp4 (2892970277592193)","Animal Welfare (18-39)",38,54,"7-day click or 1-day view",,,0.57990768251273,2022-01-07,2022-01-17,,,2021-11-20,,2022-01-31
"Giving Guide 2021 – PPCo Creatives","Emotional + Factual (Animated)","ggwc_emotional_set_2 (1).mp4 (717231612998210)","Philanthropy (18-39)",23,28,"7-day click or 1-day view",,,0.56,2022-01-07,2022-01-18,,,2021-11-20,,2022-01-31
"Giving Guide 2021 – Emotional V3","Climate Change (Emotional V3)","cropped_4X5_(x, y)_(0, 155)_width_720px_height_899px_New Giving Guide Video Ad Filmed Emotional - Climate Change.m4v (321584443149131)","Climate Change (Emotional V3)",46,47,"7-day click or 1-day view",,,0.52,2021-12-23,2022-01-04,,,2021-11-20,,2022-01-31
"Giving Guide 2021 - Emotional","Philanthropy (Emotional)","Auto_Cropped_AR_4_X_5_DCO_ggwc_emotional_set_1 (1).mp4 (783180656413918)","Retargeting (Emotional)",3,5,"7-day click or 1-day view",,,0.49895277207392,2021-12-03,2021-12-20,,,2021-11-20,,2022-01-31
"Giving Guide 2021 – Emotional V3","Lookalikes (Emotional V3)","New Giving Guide Video Ad Filmed Emotional - Climate Change.m4v (279496877544018)","Lookalikes (Emotional V3)",43,49,"7-day click or 1-day view",,,0.49,2021-12-23,2022-01-04,,,2021-11-20,,2022-01-31
"Giving Guide 2021 – PPCo Creatives","Emotional + Factual (Animated)","ggwc_emotional_set_1 (1).mp4 (869866030367680)","Animal Welfare  + Lookalikes (18-39)",16,18,"7-day click or 1-day view",,,0.49,2022-01-07,2022-01-17,,,2021-11-20,,2022-01-31
"Giving Guide 2021 – Emotional V3","Philanthropy (Emotional V3)","New Giving Guide Video Ad Filmed Emotional - Climate Change.m4v (279496877544018)","Philanthropy (Emotional V3)",48,48,"7-day click or 1-day view",,,0.48036207569255,2021-12-23,2022-01-04,,,2021-11-20,,2022-01-31
"Giving Guide 2021 – Factual V3","Global Poverty (Factual V3)","cropped_4X5_(x, y)_(0, 394)_width_1080px_height_1354px_New Giving Guide Video Ad Filmed Factual Short.m4v (487059362838361)","Global Poverty (Factual V3)",33,33,"7-day click or 1-day view",,,0.48,2021-12-23,2022-01-04,,,2021-11-20,,2022-01-31
"Giving Guide 2021 – Emotional V3","Lookalikes (Emotional V3)","Auto_Cropped_AR_4_X_5_DCO_ggwc_emotional_set_2 (1).mp4 (254244359987533)","Lookalikes (Emotional V3)",14,20,"7-day click or 1-day view",,,0.47,2021-12-23,2022-01-04,1,,2021-11-20,,2022-01-31
"Giving Guide 2021 – Emotional V3","Lookalikes (Emotional V3)","Auto_Cropped_AR_4_X_5_DCO_ggwc_emotional_set_1 (1).mp4 (797159248349392)","Lookalikes (Emotional V3)",49,57,"7-day click or 1-day view",,,0.46,2021-12-23,2022-01-04,,,2021-11-20,,2022-01-31
"Giving Guide 2021 – Emotional V3","Philanthropy (Emotional V3)","ggwc_emotional_set_2 (1).mp4 (717231612998210)","Philanthropy (Emotional V3)",26,47,"7-day click or 1-day view",,,0.45033944596176,2021-12-23,2022-01-04,,,2021-11-20,,2022-01-31
"Giving Guide 2021 – Hypercube Brand Video","Hypercube Brand Video (Animated)","Free Effective Giving Guide 2021 (866994837312979)","Climate Change + Lookalikes (18-39)",20,27,"7-day click or 1-day view",,,0.44,2022-01-07,2022-01-17,,,2021-11-20,,2022-01-31
"Giving Guide 2021 – Emotional V3","Philanthropy (Emotional V3)","cropped_4X5_(x, y)_(0, 155)_width_720px_height_899px_New Giving Guide Video Ad Filmed Emotional - Climate Change.m4v (321584443149131)","Philanthropy (Emotional V3)",31,33,"7-day click or 1-day view",,,0.42031681623098,2021-12-23,2022-01-04,,,2021-11-20,,2022-01-31
"Giving Guide 2021 – Emotional V3","Lookalikes (Emotional V3)","Auto_Cropped_AR_4_X_5_DCO_V2_ggwc_emotional_set_2 (1).mp4 (517919683219212)","Lookalikes (Emotional V3)",14,17,"7-day click or 1-day view",,,0.42,2021-12-23,2022-01-04,,,2021-11-20,,2022-01-31
"Giving Guide 2021 – PPCo Creatives","Emotional + Factual (Animated)","ggwc_emotional_set_2 (1).mp4 (717231612998210)","Retargeting (18-39)",26,34,"7-day click or 1-day view",,,0.42,2022-01-07,2022-01-18,,,2021-11-20,,2022-01-31
"Giving Guide 2021 – Factual V3","Philanthropy (Factual V3)","cropped_4X5_(x, y)_(0, 394)_width_1080px_height_1354px_New Giving Guide Video Ad Filmed Factual Short.m4v (487059362838361)","Philanthropy (Factual V3)",14,24,"7-day click or 1-day view",,,0.41,2021-12-23,2022-01-04,,,2021-11-20,,2022-01-31
"Giving Guide 2021 - Emotional","Philanthropy (Emotional)","ggwc_emotional_set_2 (1).mp4 (717231612998210)","Retargeting (Emotional)",6,7,"7-day click or 1-day view",,,0.40340862422998,2021-12-03,2021-12-20,,,2021-11-20,,2022-01-31
"Giving Guide 2021 – PPCo Creatives","Emotional + Factual (Animated)","ggwc_emotional_set_3 (1).mp4 (287217033315901)","Global Poverty + Lookalikes (18-39)",20,21,"7-day click or 1-day view",,,0.4,2022-01-07,2022-01-17,,,2021-11-20,,2022-01-31
"Giving Guide 2021 – Factual V3","Philanthropy (Factual V3)","Auto_Cropped_AR_4_X_5_DCO_V4_gg_factual_short.mp4 (2882597425296145)","Philanthropy (Factual V3)",17,18,"7-day click or 1-day view",,,0.38,2021-12-23,2022-01-04,1,,2021-11-20,,2022-01-31
"Giving Guide 2021 – Emotional V3","Global Poverty (Emotional V3)","cropped_4X5_(x, y)_(0, 158)_width_720px_height_899px_New Giving Guide Video Ad Filmed Emotional - Global Poverty.m4v (265751598880484)","Global Poverty (Emotional V3)",40,45,"7-day click or 1-day view",,,0.38,2021-12-23,2022-01-04,,,2021-11-20,,2022-01-31
"Giving Guide 2021 – Factual V3","Lookalikes (Factual V3)","cropped_4X5_(x, y)_(0, 394)_width_1080px_height_1354px_New Giving Guide Video Ad Filmed Factual Short.m4v (487059362838361)","Lookalikes (Factual V3)",5,8,"7-day click or 1-day view",,,0.37,2021-12-23,2022-01-04,,,2021-11-20,,2022-01-31
"Giving Guide 2021 – Factual V3","Retargeting (Factual V3)","gg_factual_short.mp4 (1298714567312091)","Retargeting (Factual V3)",25,36,"7-day click or 1-day view",,,0.36,2021-12-23,2022-01-04,,,2021-11-20,,2022-01-31
"Giving Guide 2021 – PPCo Creatives","Emotional + Factual (Animated)","Auto_Cropped_AR_4_X_5_DCO_V4_gg_factual_short.mp4 (2892970644258823)","Lookalikes (18-39)",8,9,"7-day click or 1-day view",,,0.34,2022-01-07,2022-01-17,,,2021-11-20,,2022-01-31
"Giving Guide 2021 – PPCo Creatives","Emotional + Factual (Animated)","ggwc_emotional_set_1 (1).mp4 (869866030367680)","Philanthropy + Lookalikes (18-39)",6,8,"7-day click or 1-day view",,,0.32,2022-01-07,2022-01-17,,,2021-11-20,,2022-01-31
"Giving Guide 2021 – Factual V3","Animal Welfare (Factual V3)","cropped_4X5_(x, y)_(0, 394)_width_1080px_height_1354px_New Giving Guide Video Ad Filmed Factual Short.m4v (487059362838361)","Animal Welfare (Factual V3)",27,31,"7-day click or 1-day view",,,0.31002320359281,2021-12-23,2022-01-04,,,2021-11-20,,2022-01-31
"Giving Guide 2021 – Emotional V3","Philanthropy (Emotional V3)","ggwc_emotional_set_3 (1).mp4 (287217033315901)","Philanthropy (Emotional V3)",28,35,"7-day click or 1-day view",,,0.28021121082065,2021-12-23,2022-01-04,,,2021-11-20,,2022-01-31
"Giving Guide 2021 – Factual V3","Philanthropy (Factual V3)","Auto_Cropped_AR_4_X_5_DCO_V3_gg_factual_short.mp4 (903414973700596)","Philanthropy (Factual V3)",16,17,"7-day click or 1-day view",,,0.28,2021-12-23,2022-01-04,,,2021-11-20,,2022-01-31
"Giving Guide 2021 – PPCo Creatives","Emotional + Factual (Animated)","gg_factual_short.mp4 (1298714567312091)","Animal Welfare  + Lookalikes (18-39)",5,6,"7-day click or 1-day view",,,0.27,2022-01-07,2022-01-17,,,2021-11-20,,2022-01-31
"Giving Guide 2021 – Factual V3","Climate Change (Factual V3)","Auto_Cropped_AR_4_X_5_DCO_V3_gg_factual_short.mp4 (903415143700579)","Climate Change (Factual V3)",35,38,"7-day click or 1-day view",,,0.27,2021-12-23,2022-01-04,,,2021-11-20,,2022-01-31
"Giving Guide 2021 – Factual V3","Lookalikes (Factual V3)","Auto_Cropped_AR_4_X_5_DCO_V4_gg_factual_short.mp4 (2882597715296116)","Lookalikes (Factual V3)",17,18,"7-day click or 1-day view",,,0.27,2021-12-23,2022-01-04,,,2021-11-20,,2022-01-31
"Giving Guide 2021 – PPCo Creatives","Emotional + Factual (Animated)","gg_factual_short.mp4 (1298714567312091)","Global Poverty + Lookalikes (18-39)",18,22,"7-day click or 1-day view",,,0.26,2022-01-07,2022-01-17,,,2021-11-20,,2022-01-31
"Giving Guide 2021 - Emotional","Philanthropy (Emotional)","ggwc_emotional_set_3 (1).mp4 (287217033315901)","Retargeting (Emotional)",6,10,"7-day click or 1-day view","Meta Leads",1,0.25478439425051,2021-12-03,2021-12-20,1,0.25478439425051,2021-11-20,,2022-01-31
"Giving Guide 2021 – Factual V3","Philanthropy (Factual V3)","Auto_Cropped_AR_4_X_5_DCO_gg_factual_short.mp4 (2970963846552038)","Philanthropy (Factual V3)",18,18,"7-day click or 1-day view",,,0.25,2021-12-23,2022-01-04,,,2021-11-20,,2022-01-31
"Giving Guide 2021 – PPCo Creatives","Emotional + Factual (Animated)","gg_factual_short.mp4 (1298714567312091)","Philanthropy + Lookalikes (18-39)",10,13,"7-day click or 1-day view",,,0.24,2022-01-07,2022-01-17,,,2021-11-20,,2022-01-31
"Giving Guide 2021 – PPCo Creatives","Emotional + Factual (Animated)","Auto_Cropped_AR_4_X_5_DCO_V4_gg_factual_short.mp4 (2892971454258742)","Global Poverty (18-39)",17,22,"7-day click or 1-day view",,,0.24,2022-01-07,2022-01-17,,,2021-11-20,,2022-01-31
"Giving Guide 2021 – Emotional V3","Philanthropy (Emotional V3)","New Giving Guide Video Ad Filmed Emotional - Global Poverty.m4v (310307580993086)","Philanthropy (Emotional V3)",6,6,"7-day click or 1-day view",,,0.22016595135908,2021-12-23,2022-01-04,,,2021-11-20,,2022-01-31
"Giving Guide 2021 – Hypercube Brand Video","Hypercube Brand Video (Animated)","Free Effective Giving Guide 2021 (866994837312979)","Global Poverty + Lookalikes (18-39)",18,19,"7-day click or 1-day view",,,0.22,2022-01-07,2022-01-17,,,2021-11-20,,2022-01-31
"Giving Guide 2021 – Emotional V3","Animal Welfare (Emotional V3)","New Giving Guide Video Ad Filmed Emotional - Animals.m4v (3000456510268873)","Animal Welfare (Emotional V3)",12,12,"7-day click or 1-day view",,,0.21,2021-12-23,2022-01-04,,,2021-11-20,,2022-01-31
"Giving Guide 2021 – Emotional V3","Lookalikes (Emotional V3)","cropped_4X5_(x, y)_(0, 155)_width_720px_height_899px_New Giving Guide Video Ad Filmed Emotional - Climate Change.m4v (321584443149131)","Lookalikes (Emotional V3)",3,3,"7-day click or 1-day view",,,0.21,2021-12-23,2022-01-04,,,2021-11-20,,2022-01-31
"Giving Guide 2021 – Hypercube Brand Video","Hypercube Brand Video (Animated)","Free Effective Giving Guide 2021 (866994837312979)","Animal Welfare  + Lookalikes (18-39)",19,28,"7-day click or 1-day view",,,0.2,2022-01-07,2022-01-17,,,2021-11-20,,2022-01-31
"Giving Guide 2021 – PPCo Creatives","Emotional + Factual (Animated)","ggwc_emotional_set_1 (1).mp4 (869866030367680)","Lookalikes (18-39)",10,10,"7-day click or 1-day view",,,0.2,2022-01-07,2022-01-17,,,2021-11-20,,2022-01-31
"Giving Guide 2021 – Emotional V3","Retargeting (Emotional V3)","New Giving Guide Video Ad Filmed Emotional - Global Poverty.m4v (310295524327625)","Retargeting (Emotional V3)",14,21,"7-day click or 1-day view",,,0.18,2021-12-23,2022-01-04,,,2021-11-20,,2022-01-31
"Giving Guide 2021 – Emotional V3","Climate Change (Emotional V3)","ggwc_emotional_set_2 (1).mp4 (717231612998210)","Climate Change (Emotional V3)",9,9,"7-day click or 1-day view",,,0.18,2021-12-23,2022-01-04,,,2021-11-20,,2022-01-31
"Giving Guide 2021 – Emotional V3","Lookalikes (Emotional V3)","cropped_4X5_(x, y)_(0, 155)_width_720px_height_899px_New Giving Guide Video Ad Filmed Emotional - Climate Change.m4v (321584443149131)","Lookalikes (Emotional V3)",9,10,"7-day click or 1-day view",,,0.17,2021-12-23,2022-01-04,,,2021-11-20,,2022-01-31
"Giving Guide 2021 – Factual V3","Lookalikes (Factual V3)","Auto_Cropped_AR_4_X_5_DCO_V3_gg_factual_short.mp4 (903415193700574)","Lookalikes (Factual V3)",9,9,"7-day click or 1-day view",,,0.17,2021-12-23,2022-01-04,,,2021-11-20,,2022-01-31
"Giving Guide 2021 – PPCo Creatives","Emotional + Factual (Animated)","gg_factual_short.mp4 (1298714567312091)","Global Poverty (18-39)",9,9,"7-day click or 1-day view",,,0.15,2022-01-07,2022-01-17,1,,2021-11-20,,2022-01-31
"Giving Guide 2021 – Emotional V3","Philanthropy (Emotional V3)","Auto_Cropped_AR_4_X_5_DCO_V2_ggwc_emotional_set_2 (1).mp4 (517920359885811)","Philanthropy (Emotional V3)",13,18,"7-day click or 1-day view",,,0.14010560541033,2021-12-23,2022-01-04,,,2021-11-20,,2022-01-31
"Giving Guide 2021 – PPCo Creatives","Emotional + Factual (Animated)","gg_factual_short.mp4 (1298714567312091)","Lookalikes (18-39)",10,12,"7-day click or 1-day view",,,0.14,2022-01-07,2022-01-17,,,2021-11-20,,2022-01-31
"Giving Guide 2021 – Factual V3","Climate Change (Factual V3)","cropped_4X5_(x, y)_(0, 394)_width_1080px_height_1354px_New Giving Guide Video Ad Filmed Factual Short.m4v (487059362838361)","Climate Change (Factual V3)",10,10,"7-day click or 1-day view",,,0.13,2021-12-23,2022-01-04,,,2021-11-20,,2022-01-31
"Giving Guide 2021 – PPCo Creatives","Emotional + Factual (Animated)","ggwc_emotional_set_2 (1).mp4 (717231612998210)","Climate Change + Lookalikes (18-39)",8,18,"7-day click or 1-day view",,,0.12996953719977,2022-01-07,2022-01-17,,,2021-11-20,,2022-01-31
"Giving Guide 2021 – Emotional V3","Philanthropy (Emotional V3)","Auto_Cropped_AR_4_X_5_DCO_ggwc_emotional_set_2 (1).mp4 (254245039987465)","Philanthropy (Emotional V3)",12,13,"7-day click or 1-day view",,,0.12009051892314,2021-12-23,2022-01-04,,,2021-11-20,,2022-01-31
"Giving Guide 2021 – PPCo Creatives","Emotional + Factual (Animated)","Auto_Cropped_AR_4_X_5_DCO_V4_gg_factual_short.mp4 (2892970500925504)","Animal Welfare  + Lookalikes (18-39)",5,6,"7-day click or 1-day view",,,0.12,2022-01-07,2022-01-17,,,2021-11-20,,2022-01-31
"Giving Guide 2021 – Emotional V3","Philanthropy (Emotional V3)","cropped_4X5_(x, y)_(0, 155)_width_720px_height_899px_New Giving Guide Video Ad Filmed Emotional - Climate Change.m4v (321584443149131)","Philanthropy (Emotional V3)",7,9,"7-day click or 1-day view",,,0.10007543243595,2021-12-23,2022-01-04,,,2021-11-20,,2022-01-31
"Giving Guide 2021 – Emotional V3","Philanthropy (Emotional V3)","Auto_Cropped_AR_4_X_5_DCO_V2_ggwc_emotional_set_3 (1).mp4 (946941825925152)","Philanthropy (Emotional V3)",11,14,"7-day click or 1-day view",,,0.10007543243595,2021-12-23,2022-01-04,,,2021-11-20,,2022-01-31
"Giving Guide 2021 – Emotional V3","Philanthropy (Emotional V3)","New Giving Guide Video Ad Filmed Emotional - Animals.m4v (3000457166935474)","Philanthropy (Emotional V3)",8,8,"7-day click or 1-day view",,,0.090067889192353,2021-12-23,2022-01-04,,,2021-11-20,,2022-01-31
"Giving Guide 2021 – Factual V3","Retargeting (Factual V3)","gg_factual_short.mp4 (1298714567312091)","Retargeting (Factual V3)",5,17,"7-day click or 1-day view",,,0.09,2021-12-23,2022-01-04,,,2021-11-20,,2022-01-31
"Giving Guide 2021 – Emotional V3","Lookalikes (Emotional V3)","New Giving Guide Video Ad Filmed Emotional - Animals.m4v (3000441363603721)","Lookalikes (Emotional V3)",5,5,"7-day click or 1-day view",,,0.07,2021-12-23,2022-01-04,,,2021-11-20,,2022-01-31
"Giving Guide 2021 – Factual V3","Lookalikes (Factual V3)","Auto_Cropped_AR_4_X_5_DCO_gg_factual_short.mp4 (2970964006552022)","Lookalikes (Factual V3)",4,4,"7-day click or 1-day view",,,0.07,2021-12-23,2022-01-04,,,2021-11-20,,2022-01-31
"Giving Guide 2021 – PPCo Creatives","Emotional + Factual (Animated)","ggwc_emotional_set_2 (1).mp4 (717231612998210)","General Population (18-39)",8,11,"7-day click or 1-day view",,,0.07,2022-01-07,2022-01-17,,,2021-11-20,,2022-01-31
"Giving Guide 2021 – Factual V2","Retargeting (Factual V2)","gg_factual_short.mp4 (1298714567312091)","Retargeting (Factual V2)",1,1,"7-day click or 1-day view",,,0.07,2021-12-08,2021-12-20,,,2021-11-20,,2022-01-31
"Giving Guide 2021 – Factual V3","Global Poverty (Factual V3)","cropped_4X5_(x, y)_(0, 394)_width_1080px_height_1354px_New Giving Guide Video Ad Filmed Factual Short.m4v (487059362838361)","Global Poverty (Factual V3)",8,9,"7-day click or 1-day view",,,0.07,2021-12-23,2022-01-04,,,2021-11-20,,2022-01-31
"Giving Guide 2021 – Emotional V3","Philanthropy (Emotional V3)","Auto_Cropped_AR_4_X_5_DCO_Free Effective Giving Guide 2021 (1099194154229887)","Philanthropy (Emotional V3)",11,15,"7-day click or 1-day view",,,0.060045259461568,2021-12-23,2022-01-04,,,2021-11-20,,2022-01-31
"Giving Guide 2021 – Factual V3","Philanthropy (Factual V3)","New Giving Guide Video Ad Filmed Factual Short.m4v (235578305254816)","Philanthropy (Factual V3)",2,2,"7-day click or 1-day view",,,0.06,2021-12-23,2022-01-04,,,2021-11-20,,2022-01-31
"Giving Guide 2021 – Emotional V3","Climate Change (Emotional V3)","Auto_Cropped_AR_4_X_5_DCO_V2_ggwc_emotional_set_2 (1).mp4 (517919813219199)","Climate Change (Emotional V3)",2,2,"7-day click or 1-day view",,,0.06,2021-12-23,2022-01-04,,,2021-11-20,,2022-01-31
"Giving Guide 2021 - Emotional","Philanthropy (Emotional)","Auto_Cropped_AR_4_X_5_DCO_Free Effective Giving Guide 2021 (1086828122133157)","Retargeting (Emotional)",1,2,"7-day click or 1-day view",,,0.053080082135524,2021-12-03,2021-12-20,,,2021-11-20,,2022-01-31
"Giving Guide 2021 – Emotional V3","Lookalikes (Emotional V3)","ggwc_emotional_set_3 (1).mp4 (287217033315901)","Lookalikes (Emotional V3)",2,2,"7-day click or 1-day view",,,0.05,2021-12-23,2022-01-04,,,2021-11-20,,2022-01-31
"Giving Guide 2021 – PPCo Creatives","Emotional + Factual (Animated)","ggwc_emotional_set_3 (1).mp4 (287217033315901)","Philanthropy (18-39)",4,4,"7-day click or 1-day view",,,0.05,2022-01-07,2022-01-18,,,2021-11-20,,2022-01-31
"Giving Guide 2021 – PPCo Creatives","Emotional + Factual (Animated)","ggwc_emotional_set_2 (1).mp4 (717231612998210)","Retargeting (18-39)",1,1,"7-day click or 1-day view",,,0.04,2022-01-07,2022-01-18,,,2021-11-20,,2022-01-31
"Giving Guide 2021 – Emotional V3","Retargeting (Emotional V3)","ggwc_emotional_set_1 (1).mp4 (869866030367680)","Retargeting (Emotional V3)",5,7,"7-day click or 1-day view",,,0.04,2021-12-23,2022-01-04,,,2021-11-20,,2022-01-31
"Giving Guide 2021 – Emotional V3","Lookalikes (Emotional V3)","New Giving Guide Video Ad Filmed Emotional - Animals.m4v (3000456690268855)","Lookalikes (Emotional V3)",4,4,"7-day click or 1-day view",,,0.04,2021-12-23,2022-01-04,,,2021-11-20,,2022-01-31
"Giving Guide 2021 – PPCo Creatives","Emotional + Factual (Animated)","ggwc_emotional_set_1 (1).mp4 (869866030367680)","Retargeting (18-39)",5,7,"7-day click or 1-day view",,,0.03,2022-01-07,2022-01-18,,,2021-11-20,,2022-01-31
"Giving Guide 2021 – Emotional V3","Retargeting (Emotional V3)","cropped_4X5_(x, y)_(0, 172)_width_720px_height_899px_New Giving Guide Video Ad Filmed Emotional - Animals.m4v (448955280029775)","Retargeting (Emotional V3)",2,2,"7-day click or 1-day view",,,0.03,2021-12-23,2022-01-04,,,2021-11-20,,2022-01-31
"Giving Guide 2021 – PPCo Creatives","Emotional + Factual (Animated)","ggwc_emotional_set_3 (1).mp4 (287217033315901)","General Population (18-39)",2,2,"7-day click or 1-day view",,,0.02,2022-01-07,2022-01-17,,,2021-11-20,,2022-01-31
"Giving Guide 2021 – Emotional V3","Retargeting (Emotional V3)","cropped_4X5_(x, y)_(0, 172)_width_720px_height_899px_New Giving Guide Video Ad Filmed Emotional - Animals.m4v (448955280029775)","Retargeting (Emotional V3)",2,5,"7-day click or 1-day view",,,0.02,2021-12-23,2022-01-04,,,2021-11-20,,2022-01-31
"Giving Guide 2021 – PPCo Creatives","Emotional + Factual (Animated)","ggwc_emotional_set_2 (1).mp4 (717231612998210)","Philanthropy + Lookalikes (18-39)",3,3,"7-day click or 1-day view",,,0.02,2022-01-07,2022-01-17,,,2021-11-20,,2022-01-31
"Giving Guide 2021 – PPCo Creatives","Emotional + Factual (Animated)","ggwc_emotional_set_2 (1).mp4 (717231612998210)","Lookalikes (18-39)",2,3,"7-day click or 1-day view",,,0.02,2022-01-07,2022-01-17,,,2021-11-20,,2022-01-31
"Giving Guide 2021 – Emotional V3","Climate Change (Emotional V3)","cropped_4X5_(x, y)_(0, 155)_width_720px_height_899px_New Giving Guide Video Ad Filmed Emotional - Climate Change.m4v (321584443149131)","Climate Change (Emotional V3)",2,3,"7-day click or 1-day view",,,0.02,2021-12-23,2022-01-04,,,2021-11-20,,2022-01-31
"Giving Guide 2021 – Factual","Philanthropy (Factual)","ggwc_factual_final1 (1).mp4 (886232108921551)","Philanthropy (Factual)",1,1,"7-day click or 1-day view",,,0.019999389182421,2021-11-30,2021-12-08,,,2021-11-20,,2022-01-31
"Giving Guide 2021 - Emotional","Philanthropy (Emotional)","Auto_Cropped_AR_4_X_5_DCO_V2_ggwc_emotional_set_1 (1).mp4 (306692037975409)","Retargeting (Emotional)",1,1,"7-day click or 1-day view",,,0.010616016427105,2021-12-03,2021-12-20,,,2021-11-20,,2022-01-31
"Giving Guide 2021 – PPCo Creatives","Emotional + Factual (Animated)","ggwc_emotional_set_3 (1).mp4 (287217033315901)","Retargeting (18-39)",2,2,"7-day click or 1-day view",,,0.01,2022-01-07,2022-01-18,,,2021-11-20,,2022-01-31
"Giving Guide 2021 – Emotional V3","Global Poverty (Emotional V3)","New Giving Guide Video Ad Filmed Emotional - Global Poverty.m4v (310307280993116)","Global Poverty (Emotional V3)",1,1,"7-day click or 1-day view",,,0.01,2021-12-23,2022-01-04,,,2021-11-20,,2022-01-31
"Giving Guide 2021 – Emotional V3","Global Poverty (Emotional V3)","Auto_Cropped_AR_4_X_5_DCO_Free Effective Giving Guide 2021 (1099193744229928)","Global Poverty (Emotional V3)",2,2,"7-day click or 1-day view",,,0.01,2021-12-23,2022-01-04,,,2021-11-20,,2022-01-31
"Giving Guide 2021 – Factual","Global Poverty (Factual)","Auto_Cropped_AR_4_X_5_DCO_V4_ggwc_factual_final1 (1).mp4 (366905015235606)","Global Poverty (Factual)",1,1,"7-day click or 1-day view",,,0.01,2021-11-30,2021-12-08,,,2021-11-20,,2022-01-31
"Giving Guide 2021 – Factual","Animal Welfare (Factual)","Auto_Cropped_AR_4_X_5_DCO_V4_ggwc_factual_final1 (1).mp4 (366904585235649)","Animal Welfare (Factual)",1,1,"7-day click or 1-day view",,,0.0099980597594102,2021-11-30,2021-12-08,,,2021-11-20,,2022-01-31
"Giving Guide 2021 - Emotional","Philanthropy (Emotional)","ggwc_emotional_set_2 (1).mp4 (717231612998210)","Retargeting (Emotional)",1,1,"7-day click or 1-day view",,,0,2021-12-03,2021-12-20,,,2021-11-20,,2022-01-31
"Giving Guide 2021 – Factual V3","Global Poverty (Factual V3)","Auto_Cropped_AR_4_X_5_DCO_V4_gg_factual_short.mp4 (2882597601962794)","Global Poverty (Factual V3)",4,4,"7-day click or 1-day view",,,0,2021-12-23,2022-01-04,,,2021-11-20,,2022-01-31
"Giving Guide 2021 – PPCo Creatives","Emotional + Factual (Animated)","ggwc_emotional_set_3 (1).mp4 (287217033315901)","Philanthropy + Lookalikes (18-39)",2,2,"7-day click or 1-day view",,,0,2022-01-07,2022-01-17,,,2021-11-20,,2022-01-31
"Giving Guide 2021 – Factual V3","Retargeting (Factual V3)","cropped_4X5_(x, y)_(0, 394)_width_1080px_height_1354px_New Giving Guide Video Ad Filmed Factual Short.m4v (487059362838361)","Retargeting (Factual V3)",1,1,"7-day click or 1-day view",,,0,2021-12-23,2022-01-04,,,2021-11-20,,2022-01-31
"Giving Guide 2021 – Factual V3","Retargeting (Factual V3)","New Giving Guide Video Ad Filmed Factual Short.m4v (235565945256052)","Retargeting (Factual V3)",2,2,"7-day click or 1-day view",,,0,2021-12-23,2022-01-04,,,2021-11-20,,2022-01-31
"Giving Guide 2021 – Emotional V3","Global Poverty (Emotional V3)","ggwc_emotional_set_3 (1).mp4 (287217033315901)","Global Poverty (Emotional V3)",2,2,"7-day click or 1-day view",,,0,2021-12-23,2022-01-04,,,2021-11-20,,2022-01-31
"Giving Guide 2021 – Emotional V3","Climate Change (Emotional V3)","New Giving Guide Video Ad Filmed Emotional - Climate Change.m4v (279510247542681)","Climate Change (Emotional V3)",1,1,"7-day click or 1-day view",,,0,2021-12-23,2022-01-04,,,2021-11-20,,2022-01-31
"Giving Guide 2021 – Emotional V3","Retargeting (Emotional V3)","ggwc_emotional_set_3 (1).mp4 (287217033315901)","Retargeting (Emotional V3)",1,1,"7-day click or 1-day view",,,0,2021-12-23,2022-01-04,,,2021-11-20,,2022-01-31
"Giving Guide 2021 – Emotional V3","Retargeting (Emotional V3)","cropped_4X5_(x, y)_(0, 158)_width_720px_height_899px_New Giving Guide Video Ad Filmed Emotional - Global Poverty.m4v (265751598880484)","Retargeting (Emotional V3)",1,1,"7-day click or 1-day view",,,0,2021-12-23,2022-01-04,,,2021-11-20,,2022-01-31
"Giving Guide 2021 – Emotional V3","Retargeting (Emotional V3)","Auto_Cropped_AR_4_X_5_DCO_V2_ggwc_emotional_set_1 (1).mp4 (318095873501692)","Retargeting (Emotional V3)",1,1,"7-day click or 1-day view",,,0,2021-12-23,2022-01-04,,,2021-11-20,,2022-01-31
"Giving Guide 2021 – Emotional V3","Retargeting (Emotional V3)","cropped_4X5_(x, y)_(0, 158)_width_720px_height_899px_New Giving Guide Video Ad Filmed Emotional - Global Poverty.m4v (265751598880484)","Retargeting (Emotional V3)",2,2,"7-day click or 1-day view",,,0,2021-12-23,2022-01-04,,,2021-11-20,,2022-01-31
"Giving Guide 2021 – Emotional V3","Lookalikes (Emotional V3)","Auto_Cropped_AR_4_X_5_DCO_V2_ggwc_emotional_set_3 (1).mp4 (946941329258535)","Lookalikes (Emotional V3)",1,1,"7-day click or 1-day view",,,0,2021-12-23,2022-01-04,,,2021-11-20,,2022-01-31
"Giving Guide 2021 – Factual","Retargeting (Factual)","ggwc_factual_final1 (1).mp4 (886232108921551)","Retargeting (Factual)",1,1,"7-day click or 1-day view",,,0,2021-12-03,2021-12-08,,,2021-11-20,,2022-01-31
"Giving Guide 2021 – Factual","Retargeting (Factual)","gg_factual_short.mp4 (1298714567312091)","Retargeting (Factual)",1,1,"7-day click or 1-day view",,,0,2021-12-03,2021-12-08,,,2021-11-20,,2022-01-31
"Giving Guide 2021 – Emotional V3","Climate Change (Emotional V3)","Auto_Cropped_AR_4_X_5_DCO_ggwc_emotional_set_2 (1).mp4 (254244539987515)","Climate Change (Emotional V3)",2,3,"7-day click or 1-day view",,,0,2021-12-23,2022-01-04,,,2021-11-20,,2022-01-31
"Giving Guide 2021 – Factual V3","Animal Welfare (Factual V3)","New Giving Guide Video Ad Filmed Factual Short.m4v (235578605254786)","Animal Welfare (Factual V3)",2,2,"7-day click or 1-day view",,,0,2021-12-23,2022-01-04,,,2021-11-20,,2022-01-31
