"","campaign_name","ad_name","image_video_and_slideshow","ad_set_name","reach","impressions","result_type","results","amount_spent_usd","starts","ends","link_clicks","cost_per_result","audience","restriction18_39","campaign_theme","version","video_theme"
"1","Giving Guide 2021 - Cause-led","Philanthropy (Cause-led)","ggwc_emotional_set_1 (1).mp4 (869866030367680)","Philanthropy (Cause-led)",34110,44150,"Meta Leads",124,1529.9933875526,2021-11-30,2021-12-20,368,12.338656351231,"Philanthropy",0,"Cause-led","V1","Animal"
"2","Giving Guide 2021 - Cause-led","Animal Welfare (Cause-led)","ggwc_emotional_set_1 (1).mp4 (869866030367680)","Animal Welfare (Cause-led)",30576,40824,"Meta Leads",141,1352.1198607732,2021-11-30,2021-12-20,359,9.589502558675,"Animal",0,"Cause-led","V1","Animal"
"3","Giving Guide 2021 – Factual V2","Climate Change (Factual V2)","gg_factual_short.mp4 (1298714567312091)","Climate Change (Factual V2)",21932,25846,"Meta Leads",94,711.78204856303,2021-12-08,2021-12-20,305,7.5721494527982,"Climate",0,"Factual","V2 - factual shortened","Factual short"
"4","Giving Guide 2021 – Factual V2","Philanthropy (Factual V2)","gg_factual_short.mp4 (1298714567312091)","Philanthropy (Factual V2)",16449,19621,"Meta Leads",71,658.75271784568,2021-12-08,2021-12-20,232,9.2782072936011,"Philanthropy",0,"Factual","V2 - factual shortened","Factual short"
"5","Giving Guide 2021 – Factual V2","Animal Welfare (Factual V2)","gg_factual_short.mp4 (1298714567312091)","Animal Welfare (Factual V2)",17743,20462,"Meta Leads",62,653.82111355898,2021-12-08,2021-12-20,213,10.545501831596,"Animal",0,"Factual","V2 - factual shortened","Factual short"
"6","Giving Guide 2021 – Factual V3","Animal Welfare (Factual V3)","gg_factual_short.mp4 (1298714567312091)","Animal Welfare (Factual V3)",41361,51689,"Meta Leads",75,591.12424251497,2021-12-23,2022-01-04,223,7.8816565668663,"Animal",1,"Factual","V3 - sometimes Luke","Factual short"
"7","Giving Guide 2021 – Factual V2","Lookalikes (Factual V2)","gg_factual_short.mp4 (1298714567312091)","Lookalikes (Factual V2)",12235,13803,"Meta Leads",82,479.75688931914,2021-12-08,2021-12-20,220,5.8506937721846,"Lookalikes",0,"Factual","V2 - factual shortened","Factual short"
"8","Giving Guide 2021 - Cause-led","Philanthropy (Cause-led)","ggwc_emotional_set_3 (1).mp4 (287217033315901)","Philanthropy (Cause-led)",16854,18904,"Meta Leads",35,461.64225586659,2021-11-30,2021-12-20,132,13.189778739045,"Philanthropy",0,"Cause-led","V1","Poverty"
"9","Giving Guide 2021 – Cause-led V3","Philanthropy (Cause-led V3)","New Giving Guide Video Ad Filmed Emotional - Global Poverty.m4v (310295524327625)","Philanthropy (Cause-led V3)",35513,45767,"Meta Leads",64,458.81583508909,2021-12-23,2022-01-04,137,7.168997423267,"Philanthropy",1,"Cause-led","V3 - sometimes Luke","Poverty"
"10","Giving Guide 2021 – Factual V2","Global Poverty (Factual V2)","gg_factual_short.mp4 (1298714567312091)","Global Poverty (Factual V2)",16210,18406,"Meta Leads",53,420.76188183979,2021-12-08,2021-12-20,138,7.9389034309395,"Global Poverty",0,"Factual","V2 - factual shortened","Factual short"
"11","Giving Guide 2021 – Hypercube Brand Video","Hypercube Brand Video (Animated)","[Version 02] Giving What We Can Promo Video Final - CTA Visit GWWC.org [2021-29-11]_compressed.m4v (866994837312979)","General Population (18-39)",16640,21789,"Meta Leads",21,353.92,2022-01-07,2022-01-17,70,16.853333333333,"General audience",1,"Hypercube","Video/creatives","Hypercube (factual)"
"12","Giving Guide 2021 – Factual V3","Climate Change (Factual V3)","gg_factual_short.mp4 (1298714567312091)","Climate Change (Factual V3)",26192,32982,"Meta Leads",43,325.2,2021-12-23,2022-01-04,118,7.5627906976744,"Climate",1,"Factual","V3 - sometimes Luke","Factual short"
"13","Giving Guide 2021 – Factual","Climate Change (Factual)","ggwc_factual_final1 (1).mp4 (886232108921551)","Climate Change (Factual)",7186,9057,"Meta Leads",15,319.36570148674,2021-11-30,2021-12-08,46,21.291046765783,"Climate",0,"Factual","V1","Factual long"
"14","Giving Guide 2021 – Factual","Philanthropy (Factual)","ggwc_factual_final1 (1).mp4 (886232108921551)","Philanthropy (Factual)",5313,6573,"Meta Leads",11,288.03120300522,2021-11-30,2021-12-08,41,26.184654818657,"Philanthropy",0,"Factual","V1","Factual long"
"15","Giving Guide 2021 – Factual","Animal Welfare (Factual)","ggwc_factual_final1 (1).mp4 (886232108921551)","Animal Welfare (Factual)",7604,8600,"Meta Leads",11,283.57496895615,2021-11-30,2021-12-08,46,25.779542632377,"Animal",0,"Factual","V1","Factual long"
"16","Giving Guide 2021 – PPCo Creatives","Cause-led + Factual (Animated)","gg_factual_short.mp4 (1298714567312091)","Climate Change (18-39)",21252,24872,"Meta Leads",27,277.04,2022-01-07,2022-01-17,86,10.260740740741,"Climate",1,"'Optimized' PPCo","Video/creatives","Factual short"
"17","Giving Guide 2021 – Hypercube Brand Video","Hypercube Brand Video (Animated)","[Version 02] Giving What We Can Promo Video Final - CTA Visit GWWC.org [2021-29-11]_compressed.m4v (866994837312979)","Climate Change (18-39)",9588,14241,"Meta Leads",11,262.37,2022-01-07,2022-01-17,45,23.851818181818,"Climate",1,"Hypercube","Video/creatives","Hypercube (factual)"
"18","Giving Guide 2021 – Cause-led V3","Animal Welfare (Cause-led V3)","ggwc_emotional_set_1 (1).mp4 (869866030367680)","Animal Welfare (Cause-led V3)",13960,18111,"Meta Leads",29,261.38,2021-12-23,2022-01-04,79,9.0131034482759,"Animal",1,"Cause-led","V3 - sometimes Luke","Animal"
"19","Giving Guide 2021 - Cause-led","Lookalikes (Cause-led)","ggwc_emotional_set_1 (1).mp4 (869866030367680)","Lookalikes (Cause-led)",4199,4837,"Meta Leads",28,251.35585567087,2021-11-30,2021-12-20,57,8.9769948453881,"Lookalikes",0,"Cause-led","V1","Animal"
"20","Giving Guide 2021 – Hypercube Brand Video","Hypercube Brand Video (Animated)","[Version 02] Giving What We Can Promo Video Final - CTA Visit GWWC.org [2021-29-11]_compressed.m4v (866994837312979)","Philanthropy (18-39)",10556,15681,"Meta Leads",22,241.87,2022-01-07,2022-01-17,61,10.994090909091,"Philanthropy",1,"Hypercube","Video/creatives","Hypercube (factual)"
"21","Giving Guide 2021 - Cause-led","Philanthropy (Cause-led)","ggwc_emotional_set_1 (1).mp4 (869866030367680)","Philanthropy (Cause-led)",3231,4638,"Meta Leads",16,217.45431096152,2021-11-30,2021-12-20,45,13.590894435095,"Philanthropy",0,"Cause-led","V1","Animal"
"22","Giving Guide 2021 – Cause-led V3","Philanthropy (Cause-led V3)","ggwc_emotional_set_1 (1).mp4 (869866030367680)","Philanthropy (Cause-led V3)",12724,15212,"Meta Leads",15,197.20864715828,2021-12-23,2022-01-04,50,13.147243143885,"Philanthropy",1,"Cause-led","V3 - sometimes Luke","Animal"
"23","Giving Guide 2021 – Factual V3","Philanthropy (Factual V3)","gg_factual_short.mp4 (1298714567312091)","Philanthropy (Factual V3)",16469,18991,"Meta Leads",17,192.28,2021-12-23,2022-01-04,55,11.310588235294,"Philanthropy",1,"Factual","V3 - sometimes Luke","Factual short"
"24","Giving Guide 2021 – Factual V2","Philanthropy (Factual V2)","gg_factual_short.mp4 (1298714567312091)","Philanthropy (Factual V2)",3209,4127,"Meta Leads",24,189.98397376383,2021-12-08,2021-12-20,74,7.9159989068262,"Philanthropy",0,"Factual","V2 - factual shortened","Factual short"
"25","Giving Guide 2021 - Cause-led","Lookalikes (Cause-led)","ggwc_emotional_set_3 (1).mp4 (287217033315901)","Lookalikes (Cause-led)",5890,6247,"Meta Leads",25,184.31628577243,2021-11-30,2021-12-20,55,7.372651430897,"Lookalikes",0,"Cause-led","V1","Poverty"
"26","Giving Guide 2021 – Factual V2","Animal Welfare (Factual V2)","gg_factual_short.mp4 (1298714567312091)","Animal Welfare (Factual V2)",4165,4675,"Meta Leads",22,180.78942778714,2021-12-08,2021-12-20,81,8.2177012630517,"Animal",0,"Factual","V2 - factual shortened","Factual short"
"27","Giving Guide 2021 – Factual V3","Lookalikes (Factual V3)","gg_factual_short.mp4 (1298714567312091)","Lookalikes (Factual V3)",10828,12582,"Meta Leads",20,173.84,2021-12-23,2022-01-04,43,8.692,"Lookalikes",1,"Factual","V3 - sometimes Luke","Factual short"
"28","Giving Guide 2021 – Factual V2","Lookalikes (Factual V2)","gg_factual_short.mp4 (1298714567312091)","Lookalikes (Factual V2)",3949,4546,"Meta Leads",29,164.73048909787,2021-12-08,2021-12-20,104,5.6803616930299,"Lookalikes",0,"Factual","V2 - factual shortened","Factual short"
"29","Giving Guide 2021 - Cause-led","Animal Welfare (Cause-led)","ggwc_emotional_set_1 (1).mp4 (869866030367680)","Animal Welfare (Cause-led)",2811,4084,"Meta Leads",17,164.18476402079,2021-11-30,2021-12-20,47,9.6579272953408,"Animal",0,"Cause-led","V1","Animal"
"30","Giving Guide 2021 – Factual V2","Climate Change (Factual V2)","gg_factual_short.mp4 (1298714567312091)","Climate Change (Factual V2)",3957,5008,"Meta Leads",21,162.89614242455,2021-12-08,2021-12-20,80,7.7569591630738,"Climate",0,"Factual","V2 - factual shortened","Factual short"
"31","Giving Guide 2021 – Cause-led V3","Lookalikes (Cause-led V3)","New Giving Guide Video Ad Filmed Emotional - Global Poverty.m4v (310295524327625)","Lookalikes (Cause-led V3)",9720,11130,"Meta Leads",16,162.44,2021-12-23,2022-01-04,48,10.1525,"Lookalikes",1,"Cause-led","V3 - sometimes Luke","Poverty"
"32","Giving Guide 2021 - Cause-led","Global Poverty (Cause-led)","ggwc_emotional_set_3 (1).mp4 (287217033315901)","Global Poverty (Cause-led)",7234,7693,"Meta Leads",8,157.95475818669,2021-11-30,2021-12-20,29,19.744344773336,"Global Poverty",0,"Cause-led","V1","Poverty"
"33","Giving Guide 2021 – Factual","Global Poverty (Factual)","ggwc_factual_final1 (1).mp4 (886232108921551)","Global Poverty (Factual)",3900,4428,"Meta Leads",4,153.36,2021-11-30,2021-12-08,41,38.34,"Global Poverty",0,"Factual","V1","Factual long"
"34","Giving Guide 2021 - Cause-led","Philanthropy (Cause-led)","Auto_Cropped_AR_4_X_5_DCO_ggwc_emotional_set_1 (1).mp4 (781123443286306)","Philanthropy (Cause-led)",2920,3837,"Meta Leads",10,150.59009804037,2021-11-30,2021-12-20,17,15.059009804037,"Philanthropy",0,"Cause-led","V1","Animal"
"35","Giving Guide 2021 - Cause-led","Animal Welfare (Cause-led)","Auto_Cropped_AR_4_X_5_DCO_ggwc_emotional_set_1 (1).mp4 (781123426619641)","Animal Welfare (Cause-led)",2722,3586,"Meta Leads",13,146.51537520603,2021-11-30,2021-12-20,30,11.270413477387,"Animal",0,"Cause-led","V1","Animal"
"36","Giving Guide 2021 – PPCo Creatives","Cause-led + Factual (Animated)","gg_factual_short.mp4 (1298714567312091)","General Population (18-39)",13036,15185,"Meta Leads",15,144.58,2022-01-07,2022-01-17,39,9.6386666666667,"General audience",1,"'Optimized' PPCo","Video/creatives","Factual short"
"37","Giving Guide 2021 – PPCo Creatives","Cause-led + Factual (Animated)","ggwc_emotional_set_1 (1).mp4 (869866030367680)","General Population (18-39)",8424,10342,"Meta Leads",15,138.06,2022-01-07,2022-01-17,46,9.204,"General audience",1,"'Optimized' PPCo","Video/creatives","Animal"
"38","Giving Guide 2021 – PPCo Creatives","Cause-led + Factual (Animated)","gg_factual_short.mp4 (1298714567312091)","Philanthropy (18-39)",11656,12396,"Meta Leads",15,136.14,2022-01-07,2022-01-18,37,9.076,"Philanthropy",1,"'Optimized' PPCo","Video/creatives","Factual short"
"39","Giving Guide 2021 – Hypercube Brand Video","Hypercube Brand Video (Animated)","[Version 02] Giving What We Can Promo Video Final - CTA Visit GWWC.org [2021-29-11]_compressed.m4v (866994837312979)","Climate Change + Lookalikes (18-39)",4421,5520,"Meta Leads",6,124.99,2022-01-07,2022-01-17,17,20.831666666667,"Climate",1,"Hypercube","Video/creatives","Hypercube (factual)"
"40","Giving Guide 2021 – PPCo Creatives","Cause-led + Factual (Animated)","ggwc_emotional_set_1 (1).mp4 (869866030367680)","Philanthropy (18-39)",5712,6510,"Meta Leads",3,124.9,2022-01-07,2022-01-18,26,41.633333333333,"Philanthropy",1,"'Optimized' PPCo","Video/creatives","Animal"
"41","Giving Guide 2021 – Cause-led V3","Global Poverty (Cause-led V3)","New Giving Guide Video Ad Filmed Emotional - Global Poverty.m4v (310295524327625)","Global Poverty (Cause-led V3)",9564,11812,"Meta Leads",22,122.24,2021-12-23,2022-01-04,51,5.5563636363636,"Global Poverty",1,"Cause-led","V3 - sometimes Luke","Poverty"
"42","Giving Guide 2021 – Hypercube Brand Video","Hypercube Brand Video (Animated)","[Version 02] Giving What We Can Promo Video Final - CTA Visit GWWC.org [2021-29-11]_compressed.m4v (866994837312979)","Global Poverty (18-39)",5884,6986,"Meta Leads",6,119.06,2022-01-07,2022-01-17,20,19.843333333333,"Global Poverty",1,"Hypercube","Video/creatives","Hypercube (factual)"
"43","Giving Guide 2021 – PPCo Creatives","Cause-led + Factual (Animated)","ggwc_emotional_set_1 (1).mp4 (869866030367680)","Animal Welfare (18-39)",6080,7489,"Meta Leads",12,114.8117227292,2022-01-07,2022-01-17,34,9.5676435607668,"Animal",1,"'Optimized' PPCo","Video/creatives","Animal"
"44","Giving Guide 2021 – PPCo Creatives","Cause-led + Factual (Animated)","ggwc_emotional_set_2 (1).mp4 (717231612998210)","Climate Change (18-39)",7832,9815,"Meta Leads",8,106.27,2022-01-07,2022-01-17,31,13.28375,"Climate",1,"'Optimized' PPCo","Video/creatives","Climate"
"45","Giving Guide 2021 – Hypercube Brand Video","Hypercube Brand Video (Animated)","[Version 02] Giving What We Can Promo Video Final - CTA Visit GWWC.org [2021-29-11]_compressed.m4v (866994837312979)","Animal Welfare (18-39)",5274,6070,"Meta Leads",3,102.59,2022-01-07,2022-01-17,21,34.196666666667,"Animal",1,"Hypercube","Video/creatives","Hypercube (factual)"
"46","Giving Guide 2021 – PPCo Creatives","Cause-led + Factual (Animated)","ggwc_emotional_set_2 (1).mp4 (717231612998210)","Philanthropy (18-39)",6110,7024,"Meta Leads",12,101.15,2022-01-07,2022-01-18,36,8.4291666666667,"Philanthropy",1,"'Optimized' PPCo","Video/creatives","Climate"
"47","Giving Guide 2021 - Cause-led","Philanthropy (Cause-led)","ggwc_emotional_set_2 (1).mp4 (717231612998210)","Philanthropy (Cause-led)",2386,2866,"Meta Leads",16,87.753002779374,2021-11-30,2021-12-20,40,5.4845626737109,"Philanthropy",0,"Cause-led","V1","Climate"
"48","Giving Guide 2021 – Factual V2","Global Poverty (Factual V2)","gg_factual_short.mp4 (1298714567312091)","Global Poverty (Factual V2)",2036,2403,"Meta Leads",7,84.989763640293,2021-12-08,2021-12-20,34,12.141394805756,"Global Poverty",0,"Factual","V2 - factual shortened","Factual short"
"49","Giving Guide 2021 – Factual V3","Global Poverty (Factual V3)","gg_factual_short.mp4 (1298714567312091)","Global Poverty (Factual V3)",8838,9903,"Meta Leads",9,82.9,2021-12-23,2022-01-04,31,9.2111111111111,"Global Poverty",1,"Factual","V3 - sometimes Luke","Factual short"
"50","Giving Guide 2021 – PPCo Creatives","Cause-led + Factual (Animated)","ggwc_emotional_set_2 (1).mp4 (717231612998210)","General Population (18-39)",6214,7437,"Meta Leads",12,75.12,2022-01-07,2022-01-17,33,6.26,"General audience",1,"'Optimized' PPCo","Video/creatives","Climate"
"51","Giving Guide 2021 – PPCo Creatives","Cause-led + Factual (Animated)","gg_factual_short.mp4 (1298714567312091)","Animal Welfare (18-39)",5884,6472,"Meta Leads",8,69.658910759762,2022-01-07,2022-01-17,27,8.7073638449703,"Animal",1,"'Optimized' PPCo","Video/creatives","Factual short"
"52","Giving Guide 2021 – Factual V3","Animal Welfare (Factual V3)","gg_factual_short.mp4 (1298714567312091)","Animal Welfare (Factual V3)",3444,5089,"Meta Leads",13,66.054943862275,2021-12-23,2022-01-04,28,5.0811495278673,"Animal",1,"Factual","V3 - sometimes Luke","Factual short"
"53","Giving Guide 2021 – PPCo Creatives","Cause-led + Factual (Animated)","gg_factual_short.mp4 (1298714567312091)","Climate Change + Lookalikes (18-39)",2437,2849,"Meta Leads",6,52.037803163445,2022-01-07,2022-01-17,24,8.6729671939074,"Climate",1,"'Optimized' PPCo","Video/creatives","Factual short"
"54","Giving Guide 2021 - Cause-led","Philanthropy (Cause-led)","Auto_Cropped_AR_4_X_5_DCO_Free Effective Giving Guide 2021 (1084969232319046)","Philanthropy (Cause-led)",1463,1675,"Meta Leads",3,49.168997666264,2021-11-30,2021-12-20,7,16.389665888755,"Philanthropy",0,"Cause-led","V1","Poverty"
"55","Giving Guide 2021 – Cause-led V3","Animal Welfare (Cause-led V3)","cropped_4X5_(x, y)_(0, 172)_width_720px_height_899px_New Giving Guide Video Ad Filmed Emotional - Animals.m4v (448955280029775)","Animal Welfare (Cause-led V3)",3350,3626,"Meta Leads",12,47.97,2021-12-23,2022-01-04,18,3.9975,"Animal",1,"Cause-led","V3 - sometimes Luke","Animal"
"56","Giving Guide 2021 – Factual","Lookalikes (Factual)","ggwc_factual_final1 (1).mp4 (886232108921551)","Lookalikes (Factual)",463,536,"Meta Leads",4,41.52,2021-11-30,2021-12-08,8,10.38,"Lookalikes",0,"Factual","V1","Factual long"
"57","Giving Guide 2021 - Cause-led","Climate Change (Cause-led)","ggwc_emotional_set_2 (1).mp4 (717231612998210)","Climate Change (Cause-led)",1369,1707,"Meta Leads",3,39.325596111883,2021-11-30,2021-12-20,39,13.108532037294,"Climate",0,"Cause-led","V1","Climate"
"58","Giving Guide 2021 – Cause-led V3","Lookalikes (Cause-led V3)","ggwc_emotional_set_2 (1).mp4 (717231612998210)","Lookalikes (Cause-led V3)",1323,1585,"Meta Leads",3,36.26,2021-12-23,2022-01-04,15,12.086666666667,"Lookalikes",1,"Cause-led","V3 - sometimes Luke","Climate"
"59","Giving Guide 2021 – Hypercube Brand Video","Hypercube Brand Video (Animated)","[Version 02] Giving What We Can Promo Video Final - CTA Visit GWWC.org [2021-29-11]_compressed.m4v (866994837312979)","Philanthropy + Lookalikes (18-39)",931,1096,"Meta Leads",1,35.53,2022-01-07,2022-01-17,4,35.53,"Philanthropy",1,"Hypercube","Video/creatives","Hypercube (factual)"
"60","Giving Guide 2021 - Cause-led","Philanthropy (Cause-led)","Auto_Cropped_AR_4_X_5_DCO_ggwc_emotional_set_2 (1).mp4 (241881881223781)","Philanthropy (Cause-led)",536,716,"Meta Leads",4,33.160953899919,2021-11-30,2021-12-20,8,8.2902384749798,"Philanthropy",0,"Cause-led","V1","Climate"
"61","Giving Guide 2021 – Cause-led V3","Philanthropy (Cause-led V3)","cropped_4X5_(x, y)_(0, 172)_width_720px_height_899px_New Giving Guide Video Ad Filmed Emotional - Animals.m4v (448955280029775)","Philanthropy (Cause-led V3)",2995,3146,NA,NA,32.454462738978,2021-12-23,2022-01-04,2,NA,"Philanthropy",1,"Cause-led","V3 - sometimes Luke","Animal"
"62","Giving Guide 2021 – Cause-led V3","Lookalikes (Cause-led V3)","ggwc_emotional_set_1 (1).mp4 (869866030367680)","Lookalikes (Cause-led V3)",1466,1707,"Meta Leads",4,32.2,2021-12-23,2022-01-04,7,8.05,"Lookalikes",1,"Cause-led","V3 - sometimes Luke","Animal"
"63","Giving Guide 2021 - Cause-led","Lookalikes (Cause-led)","ggwc_emotional_set_1 (1).mp4 (869866030367680)","Lookalikes (Cause-led)",336,408,"Meta Leads",3,31.092990547015,2021-11-30,2021-12-20,5,10.364330182338,"Lookalikes",0,"Cause-led","V1","Animal"
"64","Giving Guide 2021 – PPCo Creatives","Cause-led + Factual (Animated)","ggwc_emotional_set_2 (1).mp4 (717231612998210)","Climate Change + Lookalikes (18-39)",1580,1811,"Meta Leads",2,29.613059168131,2022-01-07,2022-01-17,8,14.806529584066,"Climate",1,"'Optimized' PPCo","Video/creatives","Climate"
"65","Giving Guide 2021 – Hypercube Brand Video","Hypercube Brand Video (Animated)","[Version 02] Giving What We Can Promo Video Final - CTA Visit GWWC.org [2021-29-11]_compressed.m4v (866994837312979)","Lookalikes (18-39)",960,1144,"Meta Leads",3,29,2022-01-07,2022-01-17,7,9.6666666666667,"Lookalikes",1,"Hypercube","Video/creatives","Hypercube (factual)"
"66","Giving Guide 2021 – Factual V3","Climate Change (Factual V3)","gg_factual_short.mp4 (1298714567312091)","Climate Change (Factual V3)",1499,2239,"Meta Leads",3,27.63,2021-12-23,2022-01-04,13,9.21,"Climate",1,"Factual","V3 - sometimes Luke","Factual short"
"67","Giving Guide 2021 – Factual","Climate Change (Factual)","ggwc_factual_final1 (1).mp4 (886232108921551)","Climate Change (Factual)",344,485,"Meta Leads",3,26.106378841673,2021-11-30,2021-12-08,7,8.7021262805577,"Climate",0,"Factual","V1","Factual long"
"68","Giving Guide 2021 - Cause-led","Philanthropy (Cause-led)","ggwc_emotional_set_3 (1).mp4 (287217033315901)","Philanthropy (Cause-led)",757,853,NA,NA,25.719322512929,2021-11-30,2021-12-20,7,NA,"Philanthropy",0,"Cause-led","V1","Poverty"
"69","Giving Guide 2021 - Cause-led","Lookalikes (Cause-led)","Auto_Cropped_AR_4_X_5_DCO_ggwc_emotional_set_1 (1).mp4 (781205209944796)","Lookalikes (Cause-led)",329,378,"Meta Leads",2,24.778321401484,2021-11-30,2021-12-20,3,12.389160700742,"Lookalikes",0,"Cause-led","V1","Animal"
"70","Giving Guide 2021 – Cause-led V3","Philanthropy (Cause-led V3)","ggwc_emotional_set_3 (1).mp4 (287217033315901)","Philanthropy (Cause-led V3)",1783,1972,"Meta Leads",2,24.058133957602,2021-12-23,2022-01-04,4,12.029066978801,"Philanthropy",1,"Cause-led","V3 - sometimes Luke","Poverty"
"71","Giving Guide 2021 – PPCo Creatives","Cause-led + Factual (Animated)","gg_factual_short.mp4 (1298714567312091)","Global Poverty (18-39)",2095,2255,"Meta Leads",3,23.44,2022-01-07,2022-01-17,6,7.8133333333333,"Global Poverty",1,"'Optimized' PPCo","Video/creatives","Factual short"
"72","Giving Guide 2021 – Cause-led V3","Philanthropy (Cause-led V3)","ggwc_emotional_set_2 (1).mp4 (717231612998210)","Philanthropy (Cause-led V3)",1966,2215,"Meta Leads",3,23.35760593055,2021-12-23,2022-01-04,7,7.7858686435167,"Philanthropy",1,"Cause-led","V3 - sometimes Luke","Climate"
"73","Giving Guide 2021 – PPCo Creatives","Cause-led + Factual (Animated)","ggwc_emotional_set_1 (1).mp4 (869866030367680)","Lookalikes (18-39)",1108,1209,"Meta Leads",2,22.85,2022-01-07,2022-01-17,5,11.425,"Lookalikes",1,"'Optimized' PPCo","Video/creatives","Animal"
"74","Giving Guide 2021 – Factual","Philanthropy (Factual)","gg_factual_short.mp4 (1298714567312091)","Philanthropy (Factual)",702,759,"Meta Leads",1,21.139354365819,2021-11-30,2021-12-08,2,21.139354365819,"Philanthropy",0,"Factual","V1","Factual short"
"75","Giving Guide 2021 – PPCo Creatives","Cause-led + Factual (Animated)","gg_factual_short.mp4 (1298714567312091)","Lookalikes (18-39)",2005,2139,NA,NA,20.98,2022-01-07,2022-01-17,5,NA,"Lookalikes",1,"'Optimized' PPCo","Video/creatives","Factual short"
"76","Giving Guide 2021 – Hypercube Brand Video","Hypercube Brand Video (Animated)","[Version 02] Giving What We Can Promo Video Final - CTA Visit GWWC.org [2021-29-11]_compressed.m4v (866994837312979)","Global Poverty + Lookalikes (18-39)",652,769,NA,NA,20.47,2022-01-07,2022-01-17,1,NA,"Global Poverty",1,"Hypercube","Video/creatives","Hypercube (factual)"
"77","Giving Guide 2021 - Cause-led","Lookalikes (Cause-led)","ggwc_emotional_set_2 (1).mp4 (717231612998210)","Lookalikes (Cause-led)",354,387,"Meta Leads",2,19.624510609172,2021-11-30,2021-12-20,7,9.8122553045859,"Lookalikes",0,"Cause-led","V1","Climate"
"78","Giving Guide 2021 – PPCo Creatives","Cause-led + Factual (Animated)","ggwc_emotional_set_1 (1).mp4 (869866030367680)","Philanthropy + Lookalikes (18-39)",779,854,"Meta Leads",1,19.41,2022-01-07,2022-01-17,5,19.41,"Philanthropy",1,"'Optimized' PPCo","Video/creatives","Animal"
"79","Giving Guide 2021 – Factual","Animal Welfare (Factual)","gg_factual_short.mp4 (1298714567312091)","Animal Welfare (Factual)",671,697,NA,NA,19.406233993015,2021-11-30,2021-12-08,3,NA,"Animal",0,"Factual","V1","Factual short"
"80","Giving Guide 2021 – Hypercube Brand Video","Hypercube Brand Video (Animated)","[Version 02] Giving What We Can Promo Video Final - CTA Visit GWWC.org [2021-29-11]_compressed.m4v (866994837312979)","Animal Welfare  + Lookalikes (18-39)",654,841,"Meta Leads",2,18.6,2022-01-07,2022-01-17,5,9.3,"Animal",1,"Hypercube","Video/creatives","Hypercube (factual)"
"81","Giving Guide 2021 – PPCo Creatives","Cause-led + Factual (Animated)","gg_factual_short.mp4 (1298714567312091)","Philanthropy + Lookalikes (18-39)",1368,1483,"Meta Leads",2,18.24,2022-01-07,2022-01-17,5,9.12,"Philanthropy",1,"'Optimized' PPCo","Video/creatives","Factual short"
"82","Giving Guide 2021 – Factual","Philanthropy (Factual)","ggwc_factual_final1 (1).mp4 (886232108921551)","Philanthropy (Factual)",247,349,NA,NA,18.229443239776,2021-11-30,2021-12-08,4,NA,"Philanthropy",0,"Factual","V1","Factual long"
"83","Giving Guide 2021 – PPCo Creatives","Cause-led + Factual (Animated)","ggwc_emotional_set_2 (1).mp4 (717231612998210)","Lookalikes (18-39)",948,1021,"Meta Leads",2,17.73,2022-01-07,2022-01-17,6,8.865,"Lookalikes",1,"'Optimized' PPCo","Video/creatives","Climate"
"84","Giving Guide 2021 – PPCo Creatives","Cause-led + Factual (Animated)","ggwc_emotional_set_1 (1).mp4 (869866030367680)","Animal Welfare  + Lookalikes (18-39)",592,708,NA,NA,17.54,2022-01-07,2022-01-17,5,NA,"Animal",1,"'Optimized' PPCo","Video/creatives","Animal"
"85","Giving Guide 2021 – Cause-led V3","Global Poverty (Cause-led V3)","cropped_4X5_(x, y)_(0, 158)_width_720px_height_899px_New Giving Guide Video Ad Filmed Emotional - Global Poverty.m4v (265751598880484)","Global Poverty (Cause-led V3)",1070,1138,"Meta Leads",3,15.4,2021-12-23,2022-01-04,5,5.1333333333333,"Global Poverty",1,"Cause-led","V3 - sometimes Luke","Poverty"
"86","Giving Guide 2021 – Factual","Climate Change (Factual)","gg_factual_short.mp4 (1298714567312091)","Climate Change (Factual)",576,607,NA,NA,14.997919671585,2021-11-30,2021-12-08,2,NA,"Climate",0,"Factual","V1","Factual short"
"87","Giving Guide 2021 – PPCo Creatives","Cause-led + Factual (Animated)","ggwc_emotional_set_3 (1).mp4 (287217033315901)","General Population (18-39)",1162,1325,"Meta Leads",1,14.82,2022-01-07,2022-01-17,3,14.82,"General audience",1,"'Optimized' PPCo","Video/creatives","Poverty"
"88","Giving Guide 2021 – PPCo Creatives","Cause-led + Factual (Animated)","gg_factual_short.mp4 (1298714567312091)","Global Poverty + Lookalikes (18-39)",962,1112,"Meta Leads",2,14.71,2022-01-07,2022-01-17,3,7.355,"Global Poverty",1,"'Optimized' PPCo","Video/creatives","Factual short"
"89","Giving Guide 2021 – Cause-led V3","Philanthropy (Cause-led V3)","cropped_4X5_(x, y)_(0, 158)_width_720px_height_899px_New Giving Guide Video Ad Filmed Emotional - Global Poverty.m4v (265751598880484)","Philanthropy (Cause-led V3)",1324,1393,"Meta Leads",2,14.67105839511,2021-12-23,2022-01-04,7,7.3355291975549,"Philanthropy",1,"Cause-led","V3 - sometimes Luke","Poverty"
"90","Giving Guide 2021 - Cause-led","Lookalikes (Cause-led)","Auto_Cropped_AR_4_X_5_DCO_Free Effective Giving Guide 2021 (1085039132312056)","Lookalikes (Cause-led)",234,249,"Meta Leads",1,14.490714616053,2021-11-30,2021-12-20,3,14.490714616053,"Lookalikes",0,"Cause-led","V1","Poverty"
"91","Giving Guide 2021 - Cause-led","Philanthropy (Cause-led)","ggwc_emotional_set_2 (1).mp4 (717231612998210)","Philanthropy (Cause-led)",252,331,"Meta Leads",2,13.567670720409,2021-11-30,2021-12-20,5,6.7838353602045,"Philanthropy",0,"Cause-led","V1","Climate"
"92","Giving Guide 2021 – Factual V3","Philanthropy (Factual V3)","gg_factual_short.mp4 (1298714567312091)","Philanthropy (Factual V3)",566,796,"Meta Leads",1,13.53,2021-12-23,2022-01-04,6,13.53,"Philanthropy",1,"Factual","V3 - sometimes Luke","Factual short"
"93","Giving Guide 2021 – Factual V3","Lookalikes (Factual V3)","gg_factual_short.mp4 (1298714567312091)","Lookalikes (Factual V3)",475,680,NA,NA,13.13,2021-12-23,2022-01-04,NA,NA,"Lookalikes",1,"Factual","V3 - sometimes Luke","Factual short"
"94","Giving Guide 2021 – Factual V2","Philanthropy (Factual V2)","Auto_Cropped_AR_4_X_5_DCO_V4_gg_factual_short.mp4 (2872565799632641)","Philanthropy (Factual V2)",200,227,"Meta Leads",1,11.325348160466,2021-12-08,2021-12-20,2,11.325348160466,"Philanthropy",0,"Factual","V2 - factual shortened","Factual short"
"95","Giving Guide 2021 – Cause-led V3","Lookalikes (Cause-led V3)","cropped_4X5_(x, y)_(0, 158)_width_720px_height_899px_New Giving Guide Video Ad Filmed Emotional - Global Poverty.m4v (265751598880484)","Lookalikes (Cause-led V3)",479,500,"Meta Leads",1,10.53,2021-12-23,2022-01-04,4,10.53,"Lookalikes",1,"Cause-led","V3 - sometimes Luke","Poverty"
"96","Giving Guide 2021 – Cause-led V3","Lookalikes (Cause-led V3)","cropped_4X5_(x, y)_(0, 172)_width_720px_height_899px_New Giving Guide Video Ad Filmed Emotional - Animals.m4v (448955280029775)","Lookalikes (Cause-led V3)",555,571,"Meta Leads",1,9.88,2021-12-23,2022-01-04,2,9.88,"Lookalikes",1,"Cause-led","V3 - sometimes Luke","Animal"
"97","Giving Guide 2021 – Hypercube Brand Video","Hypercube Brand Video (Animated)","Free Effective Giving Guide 2021 (866994837312979)","Philanthropy (18-39)",399,592,"Meta Leads",2,9.56,2022-01-07,2022-01-17,2,4.78,"Philanthropy",1,"Hypercube","Video/creatives","Hypercube (factual)"
"98","Giving Guide 2021 – Cause-led V3","Animal Welfare (Cause-led V3)","ggwc_emotional_set_1 (1).mp4 (869866030367680)","Animal Welfare (Cause-led V3)",477,684,NA,NA,9.45,2021-12-23,2022-01-04,5,NA,"Animal",1,"Cause-led","V3 - sometimes Luke","Animal"
"99","Giving Guide 2021 – Factual","Lookalikes (Factual)","gg_factual_short.mp4 (1298714567312091)","Lookalikes (Factual)",143,149,"Meta Leads",1,9.32,2021-11-30,2021-12-08,1,9.32,"Lookalikes",0,"Factual","V1","Factual short"
"100","Giving Guide 2021 – Factual V2","Climate Change (Factual V2)","Auto_Cropped_AR_4_X_5_DCO_V4_gg_factual_short.mp4 (2872564422966112)","Climate Change (Factual V2)",182,213,"Meta Leads",1,9.0035536343476,2021-12-08,2021-12-20,1,9.0035536343476,"Climate",0,"Factual","V2 - factual shortened","Factual short"
"101","Giving Guide 2021 - Cause-led","Global Poverty (Cause-led)","Auto_Cropped_AR_4_X_5_DCO_Free Effective Giving Guide 2021 (1084968595652443)","Global Poverty (Cause-led)",302,359,"Meta Leads",1,8.2771052324904,2021-11-30,2021-12-20,1,8.2771052324904,"Global Poverty",0,"Cause-led","V1","Poverty"
"102","Giving Guide 2021 – PPCo Creatives","Cause-led + Factual (Animated)","ggwc_emotional_set_3 (1).mp4 (287217033315901)","Philanthropy (18-39)",617,659,"Meta Leads",1,8.19,2022-01-07,2022-01-18,2,8.19,"Philanthropy",1,"'Optimized' PPCo","Video/creatives","Poverty"
"103","Giving Guide 2021 - Cause-led","Lookalikes (Cause-led)","ggwc_emotional_set_3 (1).mp4 (287217033315901)","Lookalikes (Cause-led)",139,146,"Meta Leads",1,8.0159270769743,2021-11-30,2021-12-20,2,8.0159270769743,"Lookalikes",0,"Cause-led","V1","Poverty"
"104","Giving Guide 2021 - Cause-led","Climate Change (Cause-led)","Auto_Cropped_AR_4_X_5_DCO_ggwc_emotional_set_2 (1).mp4 (241882167890419)","Climate Change (Cause-led)",165,244,NA,NA,7.8130985915493,2021-11-30,2021-12-20,NA,NA,"Climate",0,"Cause-led","V1","Climate"
"105","Giving Guide 2021 – Factual V2","Animal Welfare (Factual V2)","Auto_Cropped_AR_4_X_5_DCO_V4_gg_factual_short.mp4 (2872566226299265)","Animal Welfare (Factual V2)",177,196,NA,NA,7.7844217198195,2021-12-08,2021-12-20,1,NA,"Animal",0,"Factual","V2 - factual shortened","Factual short"
"106","Giving Guide 2021 – PPCo Creatives","Cause-led + Factual (Animated)","ggwc_emotional_set_2 (1).mp4 (717231612998210)","Philanthropy + Lookalikes (18-39)",441,478,"Meta Leads",1,7.48,2022-01-07,2022-01-17,1,7.48,"Philanthropy",1,"'Optimized' PPCo","Video/creatives","Climate"
"107","Giving Guide 2021 – Factual","Global Poverty (Factual)","ggwc_factual_final1 (1).mp4 (886232108921551)","Global Poverty (Factual)",133,166,"Meta Leads",1,7.39,2021-11-30,2021-12-08,2,7.39,"Global Poverty",0,"Factual","V1","Factual long"
"108","Giving Guide 2021 – Cause-led V3","Animal Welfare (Cause-led V3)","New Giving Guide Video Ad Filmed Emotional - Animals.m4v (3000441363603721)","Animal Welfare (Cause-led V3)",417,423,NA,NA,6.22,2021-12-23,2022-01-04,NA,NA,"Animal",1,"Cause-led","V3 - sometimes Luke","Animal"
"109","Giving Guide 2021 – Factual","Animal Welfare (Factual)","ggwc_factual_final1 (1).mp4 (886232108921551)","Animal Welfare (Factual)",98,129,"Meta Leads",2,6.1887989910749,2021-11-30,2021-12-08,2,3.0943994955374,"Animal",0,"Factual","V1","Factual long"
"110","Giving Guide 2021 – Factual V2","Philanthropy (Factual V2)","Auto_Cropped_AR_4_X_5_DCO_V3_gg_factual_short.mp4 (894866064555487)","Philanthropy (Factual V2)",90,101,"Meta Leads",1,6.1509224231506,2021-12-08,2021-12-20,1,6.1509224231506,"Philanthropy",0,"Factual","V2 - factual shortened","Factual short"
"111","Giving Guide 2021 – PPCo Creatives","Cause-led + Factual (Animated)","Auto_Cropped_AR_4_X_5_DCO_V4_gg_factual_short.mp4 (2892970160925538)","Climate Change (18-39)",185,264,NA,NA,6.04,2022-01-07,2022-01-17,1,NA,"Climate",1,"'Optimized' PPCo","Video/creatives","Factual short"
"112","Giving Guide 2021 – Cause-led V3","Philanthropy (Cause-led V3)","ggwc_emotional_set_1 (1).mp4 (869866030367680)","Philanthropy (Cause-led V3)",276,391,NA,NA,5.8343977110157,2021-12-23,2022-01-04,1,NA,"Philanthropy",1,"Cause-led","V3 - sometimes Luke","Animal"
"113","Giving Guide 2021 – Hypercube Brand Video","Hypercube Brand Video (Animated)","Free Effective Giving Guide 2021 (866994837312979)","Climate Change (18-39)",240,369,"Meta Leads",2,5.77,2022-01-07,2022-01-17,3,2.885,"Climate",1,"Hypercube","Video/creatives","Hypercube (factual)"
"114","Giving Guide 2021 – Factual","Global Poverty (Factual)","gg_factual_short.mp4 (1298714567312091)","Global Poverty (Factual)",240,246,NA,NA,5.64,2021-11-30,2021-12-08,NA,NA,"Global Poverty",0,"Factual","V1","Factual short"
"115","Giving Guide 2021 – Factual V2","Philanthropy (Factual V2)","Auto_Cropped_AR_4_X_5_DCO_gg_factual_short.mp4 (2960025267645896)","Philanthropy (Factual V2)",113,126,"Meta Leads",1,5.5670378068778,2021-12-08,2021-12-20,1,5.5670378068778,"Philanthropy",0,"Factual","V2 - factual shortened","Factual short"
"116","Giving Guide 2021 – Factual V2","Animal Welfare (Factual V2)","Auto_Cropped_AR_4_X_5_DCO_gg_factual_short.mp4 (2960025800979176)","Animal Welfare (Factual V2)",95,111,NA,NA,5.5545615626583,2021-12-08,2021-12-20,NA,NA,"Animal",0,"Factual","V2 - factual shortened","Factual short"
"117","Giving Guide 2021 - Cause-led","Global Poverty (Cause-led)","ggwc_emotional_set_3 (1).mp4 (287217033315901)","Global Poverty (Cause-led)",147,168,NA,NA,5.3281365808181,2021-11-30,2021-12-20,1,NA,"Global Poverty",0,"Cause-led","V1","Poverty"
"118","Giving Guide 2021 – Cause-led V3","Global Poverty (Cause-led V3)","ggwc_emotional_set_3 (1).mp4 (287217033315901)","Global Poverty (Cause-led V3)",504,568,NA,NA,5.22,2021-12-23,2022-01-04,1,NA,"Global Poverty",1,"Cause-led","V3 - sometimes Luke","Poverty"
"119","Giving Guide 2021 – Factual V3","Philanthropy (Factual V3)","New Giving Guide Video Ad Filmed Factual Short.m4v (235565945256052)","Philanthropy (Factual V3)",538,578,"Meta Leads",1,5.04,2021-12-23,2022-01-04,4,5.04,"Philanthropy",1,"Factual","V3 - sometimes Luke","Factual short"
"120","Giving Guide 2021 – Cause-led V3","Animal Welfare (Cause-led V3)","Auto_Cropped_AR_4_X_5_DCO_V2_ggwc_emotional_set_1 (1).mp4 (318096083501671)","Animal Welfare (Cause-led V3)",197,314,"Meta Leads",1,5.02,2021-12-23,2022-01-04,1,5.02,"Animal",1,"Cause-led","V3 - sometimes Luke","Animal"
"121","Giving Guide 2021 - Cause-led","Lookalikes (Cause-led)","Auto_Cropped_AR_4_X_5_DCO_ggwc_emotional_set_2 (1).mp4 (241964264548876)","Lookalikes (Cause-led)",85,86,NA,NA,5.003699798361,2021-11-30,2021-12-20,1,NA,"Lookalikes",0,"Cause-led","V1","Climate"
"122","Giving Guide 2021 – PPCo Creatives","Cause-led + Factual (Animated)","gg_factual_short.mp4 (1298714567312091)","Climate Change (18-39)",186,278,"Meta Leads",1,4.87,2022-01-07,2022-01-17,3,4.87,"Climate",1,"'Optimized' PPCo","Video/creatives","Factual short"
"123","Giving Guide 2021 – Hypercube Brand Video","Hypercube Brand Video (Animated)","Free Effective Giving Guide 2021 (866994837312979)","General Population (18-39)",244,343,NA,NA,4.79,2022-01-07,2022-01-17,1,NA,"General audience",1,"Hypercube","Video/creatives","Hypercube (factual)"
"124","Giving Guide 2021 – Factual V2","Animal Welfare (Factual V2)","Auto_Cropped_AR_4_X_5_DCO_V3_gg_factual_short.mp4 (894866491222111)","Animal Welfare (Factual V2)",78,87,"Meta Leads",1,4.6304753714023,2021-12-08,2021-12-20,3,4.6304753714023,"Animal",0,"Factual","V2 - factual shortened","Factual short"
"125","Giving Guide 2021 – Cause-led V3","Animal Welfare (Cause-led V3)","cropped_4X5_(x, y)_(0, 172)_width_720px_height_899px_New Giving Guide Video Ad Filmed Emotional - Animals.m4v (448955280029775)","Animal Welfare (Cause-led V3)",271,315,NA,NA,4.54,2021-12-23,2022-01-04,NA,NA,"Animal",1,"Cause-led","V3 - sometimes Luke","Animal"
"126","Giving Guide 2021 – PPCo Creatives","Cause-led + Factual (Animated)","ggwc_emotional_set_1 (1).mp4 (869866030367680)","General Population (18-39)",137,200,NA,NA,4.09,2022-01-07,2022-01-17,1,NA,"General audience",1,"'Optimized' PPCo","Video/creatives","Animal"
"127","Giving Guide 2021 – Factual V2","Global Poverty (Factual V2)","Auto_Cropped_AR_4_X_5_DCO_V4_gg_factual_short.mp4 (2872564249632796)","Global Poverty (Factual V2)",71,79,NA,NA,4.0557793190168,2021-12-08,2021-12-20,1,NA,"Global Poverty",0,"Factual","V2 - factual shortened","Factual short"
"128","Giving Guide 2021 – PPCo Creatives","Cause-led + Factual (Animated)","gg_factual_short.mp4 (1298714567312091)","Animal Welfare  + Lookalikes (18-39)",230,261,NA,NA,3.9,2022-01-07,2022-01-17,NA,NA,"Animal",1,"'Optimized' PPCo","Video/creatives","Factual short"
"129","Giving Guide 2021 – Factual V2","Lookalikes (Factual V2)","Auto_Cropped_AR_4_X_5_DCO_V4_gg_factual_short.mp4 (2872565282966026)","Lookalikes (Factual V2)",87,90,NA,NA,3.8164984096252,2021-12-08,2021-12-20,1,NA,"Lookalikes",0,"Factual","V2 - factual shortened","Factual short"
"130","Giving Guide 2021 – Factual V3","Animal Welfare (Factual V3)","New Giving Guide Video Ad Filmed Factual Short.m4v (235565945256052)","Animal Welfare (Factual V3)",361,389,"Meta Leads",2,3.7802829341317,2021-12-23,2022-01-04,3,1.8901414670659,"Animal",1,"Factual","V3 - sometimes Luke","Factual short"
"131","Giving Guide 2021 – Cause-led V3","Philanthropy (Cause-led V3)","cropped_4X5_(x, y)_(0, 172)_width_720px_height_899px_New Giving Guide Video Ad Filmed Emotional - Animals.m4v (448955280029775)","Philanthropy (Cause-led V3)",149,194,NA,NA,3.7027910001301,2021-12-23,2022-01-04,NA,NA,"Philanthropy",1,"Cause-led","V3 - sometimes Luke","Animal"
"132","Giving Guide 2021 – Factual V2","Climate Change (Factual V2)","Auto_Cropped_AR_4_X_5_DCO_V3_gg_factual_short.mp4 (894864751222285)","Climate Change (Factual V2)",77,85,"Meta Leads",1,3.6395211239067,2021-12-08,2021-12-20,1,3.6395211239067,"Climate",0,"Factual","V2 - factual shortened","Factual short"
"133","Giving Guide 2021 – PPCo Creatives","Cause-led + Factual (Animated)","ggwc_emotional_set_3 (1).mp4 (287217033315901)","Lookalikes (18-39)",225,237,NA,NA,3.59,2022-01-07,2022-01-17,1,NA,"Lookalikes",1,"'Optimized' PPCo","Video/creatives","Poverty"
"134","Giving Guide 2021 – Factual V2","Climate Change (Factual V2)","Auto_Cropped_AR_4_X_5_DCO_gg_factual_short.mp4 (2960024004312689)","Climate Change (Factual V2)",86,93,NA,NA,3.3387342541623,2021-12-08,2021-12-20,NA,NA,"Climate",0,"Factual","V2 - factual shortened","Factual short"
"135","Giving Guide 2021 - Cause-led","Climate Change (Cause-led)","ggwc_emotional_set_2 (1).mp4 (717231612998210)","Climate Change (Cause-led)",77,108,NA,NA,3.2913052965681,2021-11-30,2021-12-20,2,NA,"Climate",0,"Cause-led","V1","Climate"
"136","Giving Guide 2021 - Cause-led","Philanthropy (Cause-led)","ggwc_emotional_set_1 (1).mp4 (869866030367680)","Retargeting (Cause-led)",44,92,"Meta Leads",1,3.0467967145791,2021-12-03,2021-12-20,3,3.0467967145791,"Retargeting",0,"Cause-led","V1","Animal"
"137","Giving Guide 2021 – PPCo Creatives","Cause-led + Factual (Animated)","Auto_Cropped_AR_4_X_5_DCO_V4_gg_factual_short.mp4 (2892970210925533)","General Population (18-39)",145,189,NA,NA,2.99,2022-01-07,2022-01-17,NA,NA,"General audience",1,"'Optimized' PPCo","Video/creatives","Factual short"
"138","Giving Guide 2021 – Cause-led V3","Animal Welfare (Cause-led V3)","Auto_Cropped_AR_4_X_5_DCO_ggwc_emotional_set_1 (1).mp4 (797159631682687)","Animal Welfare (Cause-led V3)",196,311,NA,NA,2.85,2021-12-23,2022-01-04,NA,NA,"Animal",1,"Cause-led","V3 - sometimes Luke","Animal"
"139","Giving Guide 2021 – PPCo Creatives","Cause-led + Factual (Animated)","ggwc_emotional_set_3 (1).mp4 (287217033315901)","Global Poverty (18-39)",302,327,NA,NA,2.84,2022-01-07,2022-01-17,NA,NA,"Global Poverty",1,"'Optimized' PPCo","Video/creatives","Poverty"
"140","Giving Guide 2021 – PPCo Creatives","Cause-led + Factual (Animated)","gg_factual_short.mp4 (1298714567312091)","Philanthropy (18-39)",100,121,NA,NA,2.7,2022-01-07,2022-01-18,NA,NA,"Philanthropy",1,"'Optimized' PPCo","Video/creatives","Factual short"
"141","Giving Guide 2021 – PPCo Creatives","Cause-led + Factual (Animated)","ggwc_emotional_set_1 (1).mp4 (869866030367680)","Animal Welfare (18-39)",91,146,"Meta Leads",1,2.5795893463497,2022-01-07,2022-01-17,2,2.5795893463497,"Animal",1,"'Optimized' PPCo","Video/creatives","Animal"
"142","Giving Guide 2021 – Cause-led V3","Philanthropy (Cause-led V3)","Auto_Cropped_AR_4_X_5_DCO_ggwc_emotional_set_1 (1).mp4 (797160248349292)","Philanthropy (Cause-led V3)",107,170,NA,NA,2.4518480946807,2021-12-23,2022-01-04,NA,NA,"Philanthropy",1,"Cause-led","V3 - sometimes Luke","Animal"
"143","Giving Guide 2021 – Factual V3","Climate Change (Factual V3)","New Giving Guide Video Ad Filmed Factual Short.m4v (235565945256052)","Climate Change (Factual V3)",298,314,NA,NA,2.45,2021-12-23,2022-01-04,NA,NA,"Climate",1,"Factual","V3 - sometimes Luke","Factual short"
"144","Giving Guide 2021 – PPCo Creatives","Cause-led + Factual (Animated)","Auto_Cropped_AR_4_X_5_DCO_V4_gg_factual_short.mp4 (2892971130925441)","Philanthropy (18-39)",101,128,NA,NA,2.44,2022-01-07,2022-01-18,1,NA,"Philanthropy",1,"'Optimized' PPCo","Video/creatives","Factual short"
"145","Giving Guide 2021 – Factual V2","Lookalikes (Factual V2)","Auto_Cropped_AR_4_X_5_DCO_gg_factual_short.mp4 (2960025150979241)","Lookalikes (Factual V2)",44,50,NA,NA,2.3239570368322,2021-12-08,2021-12-20,1,NA,"Lookalikes",0,"Factual","V2 - factual shortened","Factual short"
"146","Giving Guide 2021 – PPCo Creatives","Cause-led + Factual (Animated)","ggwc_emotional_set_1 (1).mp4 (869866030367680)","Philanthropy (18-39)",77,94,NA,NA,2.32,2022-01-07,2022-01-18,1,NA,"Philanthropy",1,"'Optimized' PPCo","Video/creatives","Animal"
"147","Giving Guide 2021 - Cause-led","Lookalikes (Cause-led)","ggwc_emotional_set_2 (1).mp4 (717231612998210)","Lookalikes (Cause-led)",41,41,NA,NA,2.2916945076493,2021-11-30,2021-12-20,1,NA,"Lookalikes",0,"Cause-led","V1","Climate"
"148","Giving Guide 2021 – PPCo Creatives","Cause-led + Factual (Animated)","gg_factual_short.mp4 (1298714567312091)","General Population (18-39)",143,189,NA,NA,2.22,2022-01-07,2022-01-17,NA,NA,"General audience",1,"'Optimized' PPCo","Video/creatives","Factual short"
"149","Giving Guide 2021 – Factual V3","Animal Welfare (Factual V3)","cropped_4X5_(x, y)_(0, 394)_width_1080px_height_1354px_New Giving Guide Video Ad Filmed Factual Short.m4v (487059362838361)","Animal Welfare (Factual V3)",161,167,NA,NA,2.1901639221557,2021-12-23,2022-01-04,NA,NA,"Animal",1,"Factual","V3 - sometimes Luke","Factual short"
"150","Giving Guide 2021 – PPCo Creatives","Cause-led + Factual (Animated)","Auto_Cropped_AR_4_X_5_DCO_V4_gg_factual_short.mp4 (2892971217592099)","Climate Change + Lookalikes (18-39)",60,71,NA,NA,2.1295008787346,2022-01-07,2022-01-17,NA,NA,"Climate",1,"'Optimized' PPCo","Video/creatives","Factual short"
"151","Giving Guide 2021 – Factual V3","Global Poverty (Factual V3)","gg_factual_short.mp4 (1298714567312091)","Global Poverty (Factual V3)",115,131,NA,NA,2.07,2021-12-23,2022-01-04,NA,NA,"Global Poverty",1,"Factual","V3 - sometimes Luke","Factual short"
"152","Giving Guide 2021 – Hypercube Brand Video","Hypercube Brand Video (Animated)","Free Effective Giving Guide 2021 (866994837312979)","Animal Welfare (18-39)",36,49,NA,NA,2.07,2022-01-07,2022-01-17,1,NA,"Animal",1,"Hypercube","Video/creatives","Hypercube (factual)"
"153","Giving Guide 2021 – Factual","Lookalikes (Factual)","ggwc_factual_final1 (1).mp4 (886232108921551)","Lookalikes (Factual)",18,21,NA,NA,2.06,2021-11-30,2021-12-08,NA,NA,"Lookalikes",0,"Factual","V1","Factual long"
"154","Giving Guide 2021 – Cause-led V3","Climate Change (Cause-led V3)","ggwc_emotional_set_2 (1).mp4 (717231612998210)","Climate Change (Cause-led V3)",187,194,"Meta Leads",2,2.04,2021-12-23,2022-01-04,2,1.02,"Climate",1,"Cause-led","V3 - sometimes Luke","Climate"
"155","Giving Guide 2021 – Factual V2","Retargeting (Factual V2)","gg_factual_short.mp4 (1298714567312091)","Retargeting (Factual V2)",20,34,NA,NA,2.02,2021-12-08,2021-12-20,1,NA,"Retargeting",0,"Factual","V2 - factual shortened","Factual short"
"156","Giving Guide 2021 – Factual V2","Global Poverty (Factual V2)","Auto_Cropped_AR_4_X_5_DCO_gg_factual_short.mp4 (2960023994312690)","Global Poverty (Factual V2)",41,48,NA,NA,2.0178006562273,2021-12-08,2021-12-20,NA,NA,"Global Poverty",0,"Factual","V2 - factual shortened","Factual short"
"157","Giving Guide 2021 – Factual V3","Global Poverty (Factual V3)","New Giving Guide Video Ad Filmed Factual Short.m4v (235565945256052)","Global Poverty (Factual V3)",66,78,NA,NA,1.98,2021-12-23,2022-01-04,NA,NA,"Global Poverty",1,"Factual","V3 - sometimes Luke","Factual short"
"158","Giving Guide 2021 – Cause-led V3","Lookalikes (Cause-led V3)","ggwc_emotional_set_2 (1).mp4 (717231612998210)","Lookalikes (Cause-led V3)",38,65,NA,NA,1.94,2021-12-23,2022-01-04,1,NA,"Lookalikes",1,"Cause-led","V3 - sometimes Luke","Climate"
"159","Giving Guide 2021 – Cause-led V3","Lookalikes (Cause-led V3)","ggwc_emotional_set_3 (1).mp4 (287217033315901)","Lookalikes (Cause-led V3)",115,117,"Meta Leads",1,1.89,2021-12-23,2022-01-04,2,1.89,"Lookalikes",1,"Cause-led","V3 - sometimes Luke","Poverty"
"160","Giving Guide 2021 – Cause-led V3","Philanthropy (Cause-led V3)","Auto_Cropped_AR_4_X_5_DCO_V2_ggwc_emotional_set_1 (1).mp4 (318096646834948)","Philanthropy (Cause-led V3)",124,184,NA,NA,1.8313804135778,2021-12-23,2022-01-04,1,NA,"Philanthropy",1,"Cause-led","V3 - sometimes Luke","Animal"
"161","Giving Guide 2021 – Factual V3","Animal Welfare (Factual V3)","Auto_Cropped_AR_4_X_5_DCO_V4_gg_factual_short.mp4 (2882597271962827)","Animal Welfare (Factual V3)",166,175,"Meta Leads",1,1.750130988024,2021-12-23,2022-01-04,1,1.750130988024,"Animal",1,"Factual","V3 - sometimes Luke","Factual short"
"162","Giving Guide 2021 – Cause-led V3","Lookalikes (Cause-led V3)","ggwc_emotional_set_1 (1).mp4 (869866030367680)","Lookalikes (Cause-led V3)",90,119,NA,NA,1.74,2021-12-23,2022-01-04,NA,NA,"Lookalikes",1,"Cause-led","V3 - sometimes Luke","Animal"
"163","Giving Guide 2021 – Factual V2","Global Poverty (Factual V2)","Auto_Cropped_AR_4_X_5_DCO_V3_gg_factual_short.mp4 (894864634555630)","Global Poverty (Factual V2)",46,55,NA,NA,1.6747745446686,2021-12-08,2021-12-20,NA,NA,"Global Poverty",0,"Factual","V2 - factual shortened","Factual short"
"164","Giving Guide 2021 – Cause-led V3","Lookalikes (Cause-led V3)","cropped_4X5_(x, y)_(0, 172)_width_720px_height_899px_New Giving Guide Video Ad Filmed Emotional - Animals.m4v (448955280029775)","Lookalikes (Cause-led V3)",61,70,NA,NA,1.49,2021-12-23,2022-01-04,1,NA,"Lookalikes",1,"Cause-led","V3 - sometimes Luke","Animal"
"165","Giving Guide 2021 – Factual V3","Animal Welfare (Factual V3)","Auto_Cropped_AR_4_X_5_DCO_V3_gg_factual_short.mp4 (903414753700618)","Animal Welfare (Factual V3)",110,115,NA,NA,1.4401077844311,2021-12-23,2022-01-04,NA,NA,"Animal",1,"Factual","V3 - sometimes Luke","Factual short"
"166","Giving Guide 2021 – PPCo Creatives","Cause-led + Factual (Animated)","gg_factual_short.mp4 (1298714567312091)","Climate Change + Lookalikes (18-39)",64,81,NA,NA,1.4196672524897,2022-01-07,2022-01-17,NA,NA,"Climate",1,"'Optimized' PPCo","Video/creatives","Factual short"
"167","Giving Guide 2021 – Factual V3","Animal Welfare (Factual V3)","Auto_Cropped_AR_4_X_5_DCO_gg_factual_short.mp4 (2970963596552063)","Animal Welfare (Factual V3)",102,107,NA,NA,1.4001047904192,2021-12-23,2022-01-04,NA,NA,"Animal",1,"Factual","V3 - sometimes Luke","Factual short"
"168","Giving Guide 2021 – Cause-led V3","Philanthropy (Cause-led V3)","New Giving Guide Video Ad Filmed Emotional - Animals.m4v (3000441363603721)","Philanthropy (Cause-led V3)",129,135,NA,NA,1.3910485108597,2021-12-23,2022-01-04,NA,NA,"Philanthropy",1,"Cause-led","V3 - sometimes Luke","Animal"
"169","Giving Guide 2021 – Hypercube Brand Video","Hypercube Brand Video (Animated)","Free Effective Giving Guide 2021 (866994837312979)","Global Poverty (18-39)",54,62,NA,NA,1.32,2022-01-07,2022-01-17,NA,NA,"Global Poverty",1,"Hypercube","Video/creatives","Hypercube (factual)"
"170","Giving Guide 2021 – Factual V2","Lookalikes (Factual V2)","Auto_Cropped_AR_4_X_5_DCO_V3_gg_factual_short.mp4 (894865691222191)","Lookalikes (Factual V2)",36,37,NA,NA,1.2721661365417,2021-12-08,2021-12-20,1,NA,"Lookalikes",0,"Factual","V2 - factual shortened","Factual short"
"171","Giving Guide 2021 – Cause-led V3","Philanthropy (Cause-led V3)","cropped_4X5_(x, y)_(0, 158)_width_720px_height_899px_New Giving Guide Video Ad Filmed Emotional - Global Poverty.m4v (265751598880484)","Philanthropy (Cause-led V3)",128,142,NA,NA,1.2409353622057,2021-12-23,2022-01-04,NA,NA,"Philanthropy",1,"Cause-led","V3 - sometimes Luke","Poverty"
"172","Giving Guide 2021 – Factual V3","Philanthropy (Factual V3)","cropped_4X5_(x, y)_(0, 394)_width_1080px_height_1354px_New Giving Guide Video Ad Filmed Factual Short.m4v (487059362838361)","Philanthropy (Factual V3)",112,116,"Meta Leads",1,1.24,2021-12-23,2022-01-04,2,1.24,"Philanthropy",1,"Factual","V3 - sometimes Luke","Factual short"
"173","Giving Guide 2021 – Cause-led V3","Climate Change (Cause-led V3)","New Giving Guide Video Ad Filmed Emotional - Climate Change.m4v (279496877544018)","Climate Change (Cause-led V3)",86,87,NA,NA,1.12,2021-12-23,2022-01-04,NA,NA,"Climate",1,"Cause-led","V3 - sometimes Luke","Climate"
"174","Giving Guide 2021 – Factual","Retargeting (Factual)","ggwc_factual_final1 (1).mp4 (886232108921551)","Retargeting (Factual)",6,11,"Meta Leads",1,1.12,2021-12-03,2021-12-08,2,1.12,"Retargeting",0,"Factual","V1","Factual long"
"175","Giving Guide 2021 – Hypercube Brand Video","Hypercube Brand Video (Animated)","[Version 02] Giving What We Can Promo Video Final - CTA Visit GWWC.org [2021-29-11]_compressed.m4v (866994837312979)","Retargeting (18-39)",49,82,NA,NA,1.08,2022-01-07,2022-01-17,NA,NA,"Retargeting",1,"Hypercube","Video/creatives","Hypercube (factual)"
"176","Giving Guide 2021 – PPCo Creatives","Cause-led + Factual (Animated)","ggwc_emotional_set_3 (1).mp4 (287217033315901)","Philanthropy + Lookalikes (18-39)",47,50,NA,NA,1.06,2022-01-07,2022-01-17,NA,NA,"Philanthropy",1,"'Optimized' PPCo","Video/creatives","Poverty"
"177","Giving Guide 2021 – PPCo Creatives","Cause-led + Factual (Animated)","ggwc_emotional_set_2 (1).mp4 (717231612998210)","Climate Change (18-39)",42,51,NA,NA,1.02,2022-01-07,2022-01-17,2,NA,"Climate",1,"'Optimized' PPCo","Video/creatives","Climate"
"178","Giving Guide 2021 – Factual V3","Lookalikes (Factual V3)","New Giving Guide Video Ad Filmed Factual Short.m4v (235565945256052)","Lookalikes (Factual V3)",58,62,"Meta Leads",1,0.98,2021-12-23,2022-01-04,1,0.98,"Lookalikes",1,"Factual","V3 - sometimes Luke","Factual short"
"179","Giving Guide 2021 – Factual V3","Climate Change (Factual V3)","cropped_4X5_(x, y)_(0, 394)_width_1080px_height_1354px_New Giving Guide Video Ad Filmed Factual Short.m4v (487059362838361)","Climate Change (Factual V3)",94,94,NA,NA,0.93,2021-12-23,2022-01-04,NA,NA,"Climate",1,"Factual","V3 - sometimes Luke","Factual short"
"180","Giving Guide 2021 - Cause-led","Philanthropy (Cause-led)","ggwc_emotional_set_1 (1).mp4 (869866030367680)","Retargeting (Cause-led)",16,30,NA,NA,0.9023613963039,2021-12-03,2021-12-20,NA,NA,"Retargeting",0,"Cause-led","V1","Animal"
"181","Giving Guide 2021 – PPCo Creatives","Cause-led + Factual (Animated)","Auto_Cropped_AR_4_X_5_DCO_V4_gg_factual_short.mp4 (2892971737592047)","Philanthropy + Lookalikes (18-39)",11,15,NA,NA,0.88,2022-01-07,2022-01-17,NA,NA,"Philanthropy",1,"'Optimized' PPCo","Video/creatives","Factual short"
"182","Giving Guide 2021 – Factual V3","Climate Change (Factual V3)","Auto_Cropped_AR_4_X_5_DCO_V4_gg_factual_short.mp4 (2882597611962793)","Climate Change (Factual V3)",47,49,NA,NA,0.86,2021-12-23,2022-01-04,1,NA,"Climate",1,"Factual","V3 - sometimes Luke","Factual short"
"183","Giving Guide 2021 – PPCo Creatives","Cause-led + Factual (Animated)","Auto_Cropped_AR_4_X_5_DCO_V4_gg_factual_short.mp4 (2892970624258825)","Global Poverty + Lookalikes (18-39)",17,22,NA,NA,0.83,2022-01-07,2022-01-17,NA,NA,"Global Poverty",1,"'Optimized' PPCo","Video/creatives","Factual short"
"184","Giving Guide 2021 – PPCo Creatives","Cause-led + Factual (Animated)","gg_factual_short.mp4 (1298714567312091)","Animal Welfare (18-39)",40,52,NA,NA,0.81986948217317,2022-01-07,2022-01-17,NA,NA,"Animal",1,"'Optimized' PPCo","Video/creatives","Factual short"
"185","Giving Guide 2021 – Hypercube Brand Video","Hypercube Brand Video (Animated)","Free Effective Giving Guide 2021 (866994837312979)","Lookalikes (18-39)",39,50,NA,NA,0.81,2022-01-07,2022-01-17,NA,NA,"Lookalikes",1,"Hypercube","Video/creatives","Hypercube (factual)"
"186","Giving Guide 2021 – Cause-led V3","Lookalikes (Cause-led V3)","cropped_4X5_(x, y)_(0, 158)_width_720px_height_899px_New Giving Guide Video Ad Filmed Emotional - Global Poverty.m4v (265751598880484)","Lookalikes (Cause-led V3)",24,27,NA,NA,0.71,2021-12-23,2022-01-04,NA,NA,"Lookalikes",1,"Cause-led","V3 - sometimes Luke","Poverty"
"187","Giving Guide 2021 – Cause-led V3","Lookalikes (Cause-led V3)","Auto_Cropped_AR_4_X_5_DCO_V2_ggwc_emotional_set_1 (1).mp4 (318095713501708)","Lookalikes (Cause-led V3)",48,72,NA,NA,0.69,2021-12-23,2022-01-04,NA,NA,"Lookalikes",1,"Cause-led","V3 - sometimes Luke","Animal"
"188","Giving Guide 2021 – Hypercube Brand Video","Hypercube Brand Video (Animated)","Free Effective Giving Guide 2021 (866994837312979)","Philanthropy + Lookalikes (18-39)",16,32,NA,NA,0.63,2022-01-07,2022-01-17,NA,NA,"Philanthropy",1,"Hypercube","Video/creatives","Hypercube (factual)"
"189","Giving Guide 2021 – Factual V3","Lookalikes (Factual V3)","cropped_4X5_(x, y)_(0, 394)_width_1080px_height_1354px_New Giving Guide Video Ad Filmed Factual Short.m4v (487059362838361)","Lookalikes (Factual V3)",19,20,NA,NA,0.63,2021-12-23,2022-01-04,NA,NA,"Lookalikes",1,"Factual","V3 - sometimes Luke","Factual short"
"190","Giving Guide 2021 – Factual V3","Climate Change (Factual V3)","Auto_Cropped_AR_4_X_5_DCO_gg_factual_short.mp4 (2970964036552019)","Climate Change (Factual V3)",30,32,NA,NA,0.61,2021-12-23,2022-01-04,NA,NA,"Climate",1,"Factual","V3 - sometimes Luke","Factual short"
"191","Giving Guide 2021 – PPCo Creatives","Cause-led + Factual (Animated)","gg_factual_short.mp4 (1298714567312091)","Retargeting (18-39)",19,32,NA,NA,0.61,2022-01-07,2022-01-18,NA,NA,"Retargeting",1,"'Optimized' PPCo","Video/creatives","Factual short"
"192","Giving Guide 2021 – PPCo Creatives","Cause-led + Factual (Animated)","Auto_Cropped_AR_4_X_5_DCO_V4_gg_factual_short.mp4 (2892970277592193)","Animal Welfare (18-39)",38,54,NA,NA,0.57990768251273,2022-01-07,2022-01-17,NA,NA,"Animal",1,"'Optimized' PPCo","Video/creatives","Factual short"
"193","Giving Guide 2021 – PPCo Creatives","Cause-led + Factual (Animated)","ggwc_emotional_set_2 (1).mp4 (717231612998210)","Philanthropy (18-39)",23,28,NA,NA,0.56,2022-01-07,2022-01-18,NA,NA,"Philanthropy",1,"'Optimized' PPCo","Video/creatives","Climate"
"194","Giving Guide 2021 – Cause-led V3","Climate Change (Cause-led V3)","cropped_4X5_(x, y)_(0, 155)_width_720px_height_899px_New Giving Guide Video Ad Filmed Emotional - Climate Change.m4v (321584443149131)","Climate Change (Cause-led V3)",46,47,NA,NA,0.52,2021-12-23,2022-01-04,NA,NA,"Climate",1,"Cause-led","V3 - sometimes Luke","Climate"
"195","Giving Guide 2021 - Cause-led","Philanthropy (Cause-led)","Auto_Cropped_AR_4_X_5_DCO_ggwc_emotional_set_1 (1).mp4 (783180656413918)","Retargeting (Cause-led)",3,5,NA,NA,0.49895277207392,2021-12-03,2021-12-20,NA,NA,"Retargeting",0,"Cause-led","V1","Animal"
"196","Giving Guide 2021 – Cause-led V3","Lookalikes (Cause-led V3)","New Giving Guide Video Ad Filmed Emotional - Climate Change.m4v (279496877544018)","Lookalikes (Cause-led V3)",43,49,NA,NA,0.49,2021-12-23,2022-01-04,NA,NA,"Lookalikes",1,"Cause-led","V3 - sometimes Luke","Climate"
"197","Giving Guide 2021 – PPCo Creatives","Cause-led + Factual (Animated)","ggwc_emotional_set_1 (1).mp4 (869866030367680)","Animal Welfare  + Lookalikes (18-39)",16,18,NA,NA,0.49,2022-01-07,2022-01-17,NA,NA,"Animal",1,"'Optimized' PPCo","Video/creatives","Animal"
"198","Giving Guide 2021 – Cause-led V3","Philanthropy (Cause-led V3)","New Giving Guide Video Ad Filmed Emotional - Climate Change.m4v (279496877544018)","Philanthropy (Cause-led V3)",48,48,NA,NA,0.48036207569255,2021-12-23,2022-01-04,NA,NA,"Philanthropy",1,"Cause-led","V3 - sometimes Luke","Climate"
"199","Giving Guide 2021 – Factual V3","Global Poverty (Factual V3)","cropped_4X5_(x, y)_(0, 394)_width_1080px_height_1354px_New Giving Guide Video Ad Filmed Factual Short.m4v (487059362838361)","Global Poverty (Factual V3)",33,33,NA,NA,0.48,2021-12-23,2022-01-04,NA,NA,"Global Poverty",1,"Factual","V3 - sometimes Luke","Factual short"
"200","Giving Guide 2021 – Cause-led V3","Lookalikes (Cause-led V3)","Auto_Cropped_AR_4_X_5_DCO_ggwc_emotional_set_2 (1).mp4 (254244359987533)","Lookalikes (Cause-led V3)",14,20,NA,NA,0.47,2021-12-23,2022-01-04,1,NA,"Lookalikes",1,"Cause-led","V3 - sometimes Luke","Climate"
"201","Giving Guide 2021 – Cause-led V3","Lookalikes (Cause-led V3)","Auto_Cropped_AR_4_X_5_DCO_ggwc_emotional_set_1 (1).mp4 (797159248349392)","Lookalikes (Cause-led V3)",49,57,NA,NA,0.46,2021-12-23,2022-01-04,NA,NA,"Lookalikes",1,"Cause-led","V3 - sometimes Luke","Animal"
"202","Giving Guide 2021 – Cause-led V3","Philanthropy (Cause-led V3)","ggwc_emotional_set_2 (1).mp4 (717231612998210)","Philanthropy (Cause-led V3)",26,47,NA,NA,0.45033944596176,2021-12-23,2022-01-04,NA,NA,"Philanthropy",1,"Cause-led","V3 - sometimes Luke","Climate"
"203","Giving Guide 2021 – Hypercube Brand Video","Hypercube Brand Video (Animated)","Free Effective Giving Guide 2021 (866994837312979)","Climate Change + Lookalikes (18-39)",20,27,NA,NA,0.44,2022-01-07,2022-01-17,NA,NA,"Climate",1,"Hypercube","Video/creatives","Hypercube (factual)"
"204","Giving Guide 2021 – Cause-led V3","Philanthropy (Cause-led V3)","cropped_4X5_(x, y)_(0, 155)_width_720px_height_899px_New Giving Guide Video Ad Filmed Emotional - Climate Change.m4v (321584443149131)","Philanthropy (Cause-led V3)",31,33,NA,NA,0.42031681623098,2021-12-23,2022-01-04,NA,NA,"Philanthropy",1,"Cause-led","V3 - sometimes Luke","Climate"
"205","Giving Guide 2021 – Cause-led V3","Lookalikes (Cause-led V3)","Auto_Cropped_AR_4_X_5_DCO_V2_ggwc_emotional_set_2 (1).mp4 (517919683219212)","Lookalikes (Cause-led V3)",14,17,NA,NA,0.42,2021-12-23,2022-01-04,NA,NA,"Lookalikes",1,"Cause-led","V3 - sometimes Luke","Climate"
"206","Giving Guide 2021 – PPCo Creatives","Cause-led + Factual (Animated)","ggwc_emotional_set_2 (1).mp4 (717231612998210)","Retargeting (18-39)",26,34,NA,NA,0.42,2022-01-07,2022-01-18,NA,NA,"Retargeting",1,"'Optimized' PPCo","Video/creatives","Climate"
"207","Giving Guide 2021 – Factual V3","Philanthropy (Factual V3)","cropped_4X5_(x, y)_(0, 394)_width_1080px_height_1354px_New Giving Guide Video Ad Filmed Factual Short.m4v (487059362838361)","Philanthropy (Factual V3)",14,24,NA,NA,0.41,2021-12-23,2022-01-04,NA,NA,"Philanthropy",1,"Factual","V3 - sometimes Luke","Factual short"
"208","Giving Guide 2021 - Cause-led","Philanthropy (Cause-led)","ggwc_emotional_set_2 (1).mp4 (717231612998210)","Retargeting (Cause-led)",6,7,NA,NA,0.40340862422998,2021-12-03,2021-12-20,NA,NA,"Retargeting",0,"Cause-led","V1","Climate"
"209","Giving Guide 2021 – PPCo Creatives","Cause-led + Factual (Animated)","ggwc_emotional_set_3 (1).mp4 (287217033315901)","Global Poverty + Lookalikes (18-39)",20,21,NA,NA,0.4,2022-01-07,2022-01-17,NA,NA,"Global Poverty",1,"'Optimized' PPCo","Video/creatives","Poverty"
"210","Giving Guide 2021 – Factual V3","Philanthropy (Factual V3)","Auto_Cropped_AR_4_X_5_DCO_V4_gg_factual_short.mp4 (2882597425296145)","Philanthropy (Factual V3)",17,18,NA,NA,0.38,2021-12-23,2022-01-04,1,NA,"Philanthropy",1,"Factual","V3 - sometimes Luke","Factual short"
"211","Giving Guide 2021 – Cause-led V3","Global Poverty (Cause-led V3)","cropped_4X5_(x, y)_(0, 158)_width_720px_height_899px_New Giving Guide Video Ad Filmed Emotional - Global Poverty.m4v (265751598880484)","Global Poverty (Cause-led V3)",40,45,NA,NA,0.38,2021-12-23,2022-01-04,NA,NA,"Global Poverty",1,"Cause-led","V3 - sometimes Luke","Poverty"
"212","Giving Guide 2021 – Factual V3","Lookalikes (Factual V3)","cropped_4X5_(x, y)_(0, 394)_width_1080px_height_1354px_New Giving Guide Video Ad Filmed Factual Short.m4v (487059362838361)","Lookalikes (Factual V3)",5,8,NA,NA,0.37,2021-12-23,2022-01-04,NA,NA,"Lookalikes",1,"Factual","V3 - sometimes Luke","Factual short"
"213","Giving Guide 2021 – Factual V3","Retargeting (Factual V3)","gg_factual_short.mp4 (1298714567312091)","Retargeting (Factual V3)",25,36,NA,NA,0.36,2021-12-23,2022-01-04,NA,NA,"Retargeting",1,"Factual","V3 - sometimes Luke","Factual short"
"214","Giving Guide 2021 – PPCo Creatives","Cause-led + Factual (Animated)","Auto_Cropped_AR_4_X_5_DCO_V4_gg_factual_short.mp4 (2892970644258823)","Lookalikes (18-39)",8,9,NA,NA,0.34,2022-01-07,2022-01-17,NA,NA,"Lookalikes",1,"'Optimized' PPCo","Video/creatives","Factual short"
"215","Giving Guide 2021 – PPCo Creatives","Cause-led + Factual (Animated)","ggwc_emotional_set_1 (1).mp4 (869866030367680)","Philanthropy + Lookalikes (18-39)",6,8,NA,NA,0.32,2022-01-07,2022-01-17,NA,NA,"Philanthropy",1,"'Optimized' PPCo","Video/creatives","Animal"
"216","Giving Guide 2021 – Factual V3","Animal Welfare (Factual V3)","cropped_4X5_(x, y)_(0, 394)_width_1080px_height_1354px_New Giving Guide Video Ad Filmed Factual Short.m4v (487059362838361)","Animal Welfare (Factual V3)",27,31,NA,NA,0.31002320359281,2021-12-23,2022-01-04,NA,NA,"Animal",1,"Factual","V3 - sometimes Luke","Factual short"
"217","Giving Guide 2021 – Cause-led V3","Philanthropy (Cause-led V3)","ggwc_emotional_set_3 (1).mp4 (287217033315901)","Philanthropy (Cause-led V3)",28,35,NA,NA,0.28021121082065,2021-12-23,2022-01-04,NA,NA,"Philanthropy",1,"Cause-led","V3 - sometimes Luke","Poverty"
"218","Giving Guide 2021 – Factual V3","Philanthropy (Factual V3)","Auto_Cropped_AR_4_X_5_DCO_V3_gg_factual_short.mp4 (903414973700596)","Philanthropy (Factual V3)",16,17,NA,NA,0.28,2021-12-23,2022-01-04,NA,NA,"Philanthropy",1,"Factual","V3 - sometimes Luke","Factual short"
"219","Giving Guide 2021 – PPCo Creatives","Cause-led + Factual (Animated)","gg_factual_short.mp4 (1298714567312091)","Animal Welfare  + Lookalikes (18-39)",5,6,NA,NA,0.27,2022-01-07,2022-01-17,NA,NA,"Animal",1,"'Optimized' PPCo","Video/creatives","Factual short"
"220","Giving Guide 2021 – Factual V3","Climate Change (Factual V3)","Auto_Cropped_AR_4_X_5_DCO_V3_gg_factual_short.mp4 (903415143700579)","Climate Change (Factual V3)",35,38,NA,NA,0.27,2021-12-23,2022-01-04,NA,NA,"Climate",1,"Factual","V3 - sometimes Luke","Factual short"
"221","Giving Guide 2021 – Factual V3","Lookalikes (Factual V3)","Auto_Cropped_AR_4_X_5_DCO_V4_gg_factual_short.mp4 (2882597715296116)","Lookalikes (Factual V3)",17,18,NA,NA,0.27,2021-12-23,2022-01-04,NA,NA,"Lookalikes",1,"Factual","V3 - sometimes Luke","Factual short"
"222","Giving Guide 2021 – PPCo Creatives","Cause-led + Factual (Animated)","gg_factual_short.mp4 (1298714567312091)","Global Poverty + Lookalikes (18-39)",18,22,NA,NA,0.26,2022-01-07,2022-01-17,NA,NA,"Global Poverty",1,"'Optimized' PPCo","Video/creatives","Factual short"
"223","Giving Guide 2021 - Cause-led","Philanthropy (Cause-led)","ggwc_emotional_set_3 (1).mp4 (287217033315901)","Retargeting (Cause-led)",6,10,"Meta Leads",1,0.25478439425051,2021-12-03,2021-12-20,1,0.25478439425051,"Retargeting",0,"Cause-led","V1","Poverty"
"224","Giving Guide 2021 – Factual V3","Philanthropy (Factual V3)","Auto_Cropped_AR_4_X_5_DCO_gg_factual_short.mp4 (2970963846552038)","Philanthropy (Factual V3)",18,18,NA,NA,0.25,2021-12-23,2022-01-04,NA,NA,"Philanthropy",1,"Factual","V3 - sometimes Luke","Factual short"
"225","Giving Guide 2021 – PPCo Creatives","Cause-led + Factual (Animated)","gg_factual_short.mp4 (1298714567312091)","Philanthropy + Lookalikes (18-39)",10,13,NA,NA,0.24,2022-01-07,2022-01-17,NA,NA,"Philanthropy",1,"'Optimized' PPCo","Video/creatives","Factual short"
"226","Giving Guide 2021 – PPCo Creatives","Cause-led + Factual (Animated)","Auto_Cropped_AR_4_X_5_DCO_V4_gg_factual_short.mp4 (2892971454258742)","Global Poverty (18-39)",17,22,NA,NA,0.24,2022-01-07,2022-01-17,NA,NA,"Global Poverty",1,"'Optimized' PPCo","Video/creatives","Factual short"
"227","Giving Guide 2021 – Cause-led V3","Philanthropy (Cause-led V3)","New Giving Guide Video Ad Filmed Emotional - Global Poverty.m4v (310307580993086)","Philanthropy (Cause-led V3)",6,6,NA,NA,0.22016595135908,2021-12-23,2022-01-04,NA,NA,"Philanthropy",1,"Cause-led","V3 - sometimes Luke","Poverty"
"228","Giving Guide 2021 – Hypercube Brand Video","Hypercube Brand Video (Animated)","Free Effective Giving Guide 2021 (866994837312979)","Global Poverty + Lookalikes (18-39)",18,19,NA,NA,0.22,2022-01-07,2022-01-17,NA,NA,"Global Poverty",1,"Hypercube","Video/creatives","Hypercube (factual)"
"229","Giving Guide 2021 – Cause-led V3","Animal Welfare (Cause-led V3)","New Giving Guide Video Ad Filmed Emotional - Animals.m4v (3000456510268873)","Animal Welfare (Cause-led V3)",12,12,NA,NA,0.21,2021-12-23,2022-01-04,NA,NA,"Animal",1,"Cause-led","V3 - sometimes Luke","Animal"
"230","Giving Guide 2021 – Cause-led V3","Lookalikes (Cause-led V3)","cropped_4X5_(x, y)_(0, 155)_width_720px_height_899px_New Giving Guide Video Ad Filmed Emotional - Climate Change.m4v (321584443149131)","Lookalikes (Cause-led V3)",3,3,NA,NA,0.21,2021-12-23,2022-01-04,NA,NA,"Lookalikes",1,"Cause-led","V3 - sometimes Luke","Climate"
"231","Giving Guide 2021 – Hypercube Brand Video","Hypercube Brand Video (Animated)","Free Effective Giving Guide 2021 (866994837312979)","Animal Welfare  + Lookalikes (18-39)",19,28,NA,NA,0.2,2022-01-07,2022-01-17,NA,NA,"Animal",1,"Hypercube","Video/creatives","Hypercube (factual)"
"232","Giving Guide 2021 – PPCo Creatives","Cause-led + Factual (Animated)","ggwc_emotional_set_1 (1).mp4 (869866030367680)","Lookalikes (18-39)",10,10,NA,NA,0.2,2022-01-07,2022-01-17,NA,NA,"Lookalikes",1,"'Optimized' PPCo","Video/creatives","Animal"
"233","Giving Guide 2021 – Cause-led V3","Retargeting (Cause-led V3)","New Giving Guide Video Ad Filmed Emotional - Global Poverty.m4v (310295524327625)","Retargeting (Cause-led V3)",14,21,NA,NA,0.18,2021-12-23,2022-01-04,NA,NA,"Retargeting",1,"Cause-led","V3 - sometimes Luke","Poverty"
"234","Giving Guide 2021 – Cause-led V3","Climate Change (Cause-led V3)","ggwc_emotional_set_2 (1).mp4 (717231612998210)","Climate Change (Cause-led V3)",9,9,NA,NA,0.18,2021-12-23,2022-01-04,NA,NA,"Climate",1,"Cause-led","V3 - sometimes Luke","Climate"
"235","Giving Guide 2021 – Cause-led V3","Lookalikes (Cause-led V3)","cropped_4X5_(x, y)_(0, 155)_width_720px_height_899px_New Giving Guide Video Ad Filmed Emotional - Climate Change.m4v (321584443149131)","Lookalikes (Cause-led V3)",9,10,NA,NA,0.17,2021-12-23,2022-01-04,NA,NA,"Lookalikes",1,"Cause-led","V3 - sometimes Luke","Climate"
"236","Giving Guide 2021 – Factual V3","Lookalikes (Factual V3)","Auto_Cropped_AR_4_X_5_DCO_V3_gg_factual_short.mp4 (903415193700574)","Lookalikes (Factual V3)",9,9,NA,NA,0.17,2021-12-23,2022-01-04,NA,NA,"Lookalikes",1,"Factual","V3 - sometimes Luke","Factual short"
"237","Giving Guide 2021 – PPCo Creatives","Cause-led + Factual (Animated)","gg_factual_short.mp4 (1298714567312091)","Global Poverty (18-39)",9,9,NA,NA,0.15,2022-01-07,2022-01-17,1,NA,"Global Poverty",1,"'Optimized' PPCo","Video/creatives","Factual short"
"238","Giving Guide 2021 – Cause-led V3","Philanthropy (Cause-led V3)","Auto_Cropped_AR_4_X_5_DCO_V2_ggwc_emotional_set_2 (1).mp4 (517920359885811)","Philanthropy (Cause-led V3)",13,18,NA,NA,0.14010560541033,2021-12-23,2022-01-04,NA,NA,"Philanthropy",1,"Cause-led","V3 - sometimes Luke","Climate"
"239","Giving Guide 2021 – PPCo Creatives","Cause-led + Factual (Animated)","gg_factual_short.mp4 (1298714567312091)","Lookalikes (18-39)",10,12,NA,NA,0.14,2022-01-07,2022-01-17,NA,NA,"Lookalikes",1,"'Optimized' PPCo","Video/creatives","Factual short"
"240","Giving Guide 2021 – Factual V3","Climate Change (Factual V3)","cropped_4X5_(x, y)_(0, 394)_width_1080px_height_1354px_New Giving Guide Video Ad Filmed Factual Short.m4v (487059362838361)","Climate Change (Factual V3)",10,10,NA,NA,0.13,2021-12-23,2022-01-04,NA,NA,"Climate",1,"Factual","V3 - sometimes Luke","Factual short"
"241","Giving Guide 2021 – PPCo Creatives","Cause-led + Factual (Animated)","ggwc_emotional_set_2 (1).mp4 (717231612998210)","Climate Change + Lookalikes (18-39)",8,18,NA,NA,0.12996953719977,2022-01-07,2022-01-17,NA,NA,"Climate",1,"'Optimized' PPCo","Video/creatives","Climate"
"242","Giving Guide 2021 – Cause-led V3","Philanthropy (Cause-led V3)","Auto_Cropped_AR_4_X_5_DCO_ggwc_emotional_set_2 (1).mp4 (254245039987465)","Philanthropy (Cause-led V3)",12,13,NA,NA,0.12009051892314,2021-12-23,2022-01-04,NA,NA,"Philanthropy",1,"Cause-led","V3 - sometimes Luke","Climate"
"243","Giving Guide 2021 – PPCo Creatives","Cause-led + Factual (Animated)","Auto_Cropped_AR_4_X_5_DCO_V4_gg_factual_short.mp4 (2892970500925504)","Animal Welfare  + Lookalikes (18-39)",5,6,NA,NA,0.12,2022-01-07,2022-01-17,NA,NA,"Animal",1,"'Optimized' PPCo","Video/creatives","Factual short"
"244","Giving Guide 2021 – Cause-led V3","Philanthropy (Cause-led V3)","cropped_4X5_(x, y)_(0, 155)_width_720px_height_899px_New Giving Guide Video Ad Filmed Emotional - Climate Change.m4v (321584443149131)","Philanthropy (Cause-led V3)",7,9,NA,NA,0.10007543243595,2021-12-23,2022-01-04,NA,NA,"Philanthropy",1,"Cause-led","V3 - sometimes Luke","Climate"
"245","Giving Guide 2021 – Cause-led V3","Philanthropy (Cause-led V3)","Auto_Cropped_AR_4_X_5_DCO_V2_ggwc_emotional_set_3 (1).mp4 (946941825925152)","Philanthropy (Cause-led V3)",11,14,NA,NA,0.10007543243595,2021-12-23,2022-01-04,NA,NA,"Philanthropy",1,"Cause-led","V3 - sometimes Luke","Poverty"
"246","Giving Guide 2021 – Cause-led V3","Philanthropy (Cause-led V3)","New Giving Guide Video Ad Filmed Emotional - Animals.m4v (3000457166935474)","Philanthropy (Cause-led V3)",8,8,NA,NA,0.090067889192353,2021-12-23,2022-01-04,NA,NA,"Philanthropy",1,"Cause-led","V3 - sometimes Luke","Animal"
"247","Giving Guide 2021 – Factual V3","Retargeting (Factual V3)","gg_factual_short.mp4 (1298714567312091)","Retargeting (Factual V3)",5,17,NA,NA,0.09,2021-12-23,2022-01-04,NA,NA,"Retargeting",1,"Factual","V3 - sometimes Luke","Factual short"
"248","Giving Guide 2021 – Cause-led V3","Lookalikes (Cause-led V3)","New Giving Guide Video Ad Filmed Emotional - Animals.m4v (3000441363603721)","Lookalikes (Cause-led V3)",5,5,NA,NA,0.07,2021-12-23,2022-01-04,NA,NA,"Lookalikes",1,"Cause-led","V3 - sometimes Luke","Animal"
"249","Giving Guide 2021 – Factual V3","Lookalikes (Factual V3)","Auto_Cropped_AR_4_X_5_DCO_gg_factual_short.mp4 (2970964006552022)","Lookalikes (Factual V3)",4,4,NA,NA,0.07,2021-12-23,2022-01-04,NA,NA,"Lookalikes",1,"Factual","V3 - sometimes Luke","Factual short"
"250","Giving Guide 2021 – PPCo Creatives","Cause-led + Factual (Animated)","ggwc_emotional_set_2 (1).mp4 (717231612998210)","General Population (18-39)",8,11,NA,NA,0.07,2022-01-07,2022-01-17,NA,NA,"General audience",1,"'Optimized' PPCo","Video/creatives","Climate"
"251","Giving Guide 2021 – Factual V2","Retargeting (Factual V2)","gg_factual_short.mp4 (1298714567312091)","Retargeting (Factual V2)",1,1,NA,NA,0.07,2021-12-08,2021-12-20,NA,NA,"Retargeting",0,"Factual","V2 - factual shortened","Factual short"
"252","Giving Guide 2021 – Factual V3","Global Poverty (Factual V3)","cropped_4X5_(x, y)_(0, 394)_width_1080px_height_1354px_New Giving Guide Video Ad Filmed Factual Short.m4v (487059362838361)","Global Poverty (Factual V3)",8,9,NA,NA,0.07,2021-12-23,2022-01-04,NA,NA,"Global Poverty",1,"Factual","V3 - sometimes Luke","Factual short"
"253","Giving Guide 2021 – Cause-led V3","Philanthropy (Cause-led V3)","Auto_Cropped_AR_4_X_5_DCO_Free Effective Giving Guide 2021 (1099194154229887)","Philanthropy (Cause-led V3)",11,15,NA,NA,0.060045259461568,2021-12-23,2022-01-04,NA,NA,"Philanthropy",1,"Cause-led","V3 - sometimes Luke","Poverty"
"254","Giving Guide 2021 – Factual V3","Philanthropy (Factual V3)","New Giving Guide Video Ad Filmed Factual Short.m4v (235578305254816)","Philanthropy (Factual V3)",2,2,NA,NA,0.06,2021-12-23,2022-01-04,NA,NA,"Philanthropy",1,"Factual","V3 - sometimes Luke","Factual short"
"255","Giving Guide 2021 – Cause-led V3","Climate Change (Cause-led V3)","Auto_Cropped_AR_4_X_5_DCO_V2_ggwc_emotional_set_2 (1).mp4 (517919813219199)","Climate Change (Cause-led V3)",2,2,NA,NA,0.06,2021-12-23,2022-01-04,NA,NA,"Climate",1,"Cause-led","V3 - sometimes Luke","Climate"
"256","Giving Guide 2021 - Cause-led","Philanthropy (Cause-led)","Auto_Cropped_AR_4_X_5_DCO_Free Effective Giving Guide 2021 (1086828122133157)","Retargeting (Cause-led)",1,2,NA,NA,0.053080082135524,2021-12-03,2021-12-20,NA,NA,"Retargeting",0,"Cause-led","V1","Poverty"
"257","Giving Guide 2021 – Cause-led V3","Lookalikes (Cause-led V3)","ggwc_emotional_set_3 (1).mp4 (287217033315901)","Lookalikes (Cause-led V3)",2,2,NA,NA,0.05,2021-12-23,2022-01-04,NA,NA,"Lookalikes",1,"Cause-led","V3 - sometimes Luke","Poverty"
"258","Giving Guide 2021 – PPCo Creatives","Cause-led + Factual (Animated)","ggwc_emotional_set_3 (1).mp4 (287217033315901)","Philanthropy (18-39)",4,4,NA,NA,0.05,2022-01-07,2022-01-18,NA,NA,"Philanthropy",1,"'Optimized' PPCo","Video/creatives","Poverty"
"259","Giving Guide 2021 – PPCo Creatives","Cause-led + Factual (Animated)","ggwc_emotional_set_2 (1).mp4 (717231612998210)","Retargeting (18-39)",1,1,NA,NA,0.04,2022-01-07,2022-01-18,NA,NA,"Retargeting",1,"'Optimized' PPCo","Video/creatives","Climate"
"260","Giving Guide 2021 – Cause-led V3","Retargeting (Cause-led V3)","ggwc_emotional_set_1 (1).mp4 (869866030367680)","Retargeting (Cause-led V3)",5,7,NA,NA,0.04,2021-12-23,2022-01-04,NA,NA,"Retargeting",1,"Cause-led","V3 - sometimes Luke","Animal"
"261","Giving Guide 2021 – Cause-led V3","Lookalikes (Cause-led V3)","New Giving Guide Video Ad Filmed Emotional - Animals.m4v (3000456690268855)","Lookalikes (Cause-led V3)",4,4,NA,NA,0.04,2021-12-23,2022-01-04,NA,NA,"Lookalikes",1,"Cause-led","V3 - sometimes Luke","Animal"
"262","Giving Guide 2021 – PPCo Creatives","Cause-led + Factual (Animated)","ggwc_emotional_set_1 (1).mp4 (869866030367680)","Retargeting (18-39)",5,7,NA,NA,0.03,2022-01-07,2022-01-18,NA,NA,"Retargeting",1,"'Optimized' PPCo","Video/creatives","Animal"
"263","Giving Guide 2021 – Cause-led V3","Retargeting (Cause-led V3)","cropped_4X5_(x, y)_(0, 172)_width_720px_height_899px_New Giving Guide Video Ad Filmed Emotional - Animals.m4v (448955280029775)","Retargeting (Cause-led V3)",2,2,NA,NA,0.03,2021-12-23,2022-01-04,NA,NA,"Retargeting",1,"Cause-led","V3 - sometimes Luke","Animal"
"264","Giving Guide 2021 – PPCo Creatives","Cause-led + Factual (Animated)","ggwc_emotional_set_3 (1).mp4 (287217033315901)","General Population (18-39)",2,2,NA,NA,0.02,2022-01-07,2022-01-17,NA,NA,"General audience",1,"'Optimized' PPCo","Video/creatives","Poverty"
"265","Giving Guide 2021 – Cause-led V3","Retargeting (Cause-led V3)","cropped_4X5_(x, y)_(0, 172)_width_720px_height_899px_New Giving Guide Video Ad Filmed Emotional - Animals.m4v (448955280029775)","Retargeting (Cause-led V3)",2,5,NA,NA,0.02,2021-12-23,2022-01-04,NA,NA,"Retargeting",1,"Cause-led","V3 - sometimes Luke","Animal"
"266","Giving Guide 2021 – PPCo Creatives","Cause-led + Factual (Animated)","ggwc_emotional_set_2 (1).mp4 (717231612998210)","Philanthropy + Lookalikes (18-39)",3,3,NA,NA,0.02,2022-01-07,2022-01-17,NA,NA,"Philanthropy",1,"'Optimized' PPCo","Video/creatives","Climate"
"267","Giving Guide 2021 – PPCo Creatives","Cause-led + Factual (Animated)","ggwc_emotional_set_2 (1).mp4 (717231612998210)","Lookalikes (18-39)",2,3,NA,NA,0.02,2022-01-07,2022-01-17,NA,NA,"Lookalikes",1,"'Optimized' PPCo","Video/creatives","Climate"
"268","Giving Guide 2021 – Cause-led V3","Climate Change (Cause-led V3)","cropped_4X5_(x, y)_(0, 155)_width_720px_height_899px_New Giving Guide Video Ad Filmed Emotional - Climate Change.m4v (321584443149131)","Climate Change (Cause-led V3)",2,3,NA,NA,0.02,2021-12-23,2022-01-04,NA,NA,"Climate",1,"Cause-led","V3 - sometimes Luke","Climate"
"269","Giving Guide 2021 – Factual","Philanthropy (Factual)","ggwc_factual_final1 (1).mp4 (886232108921551)","Philanthropy (Factual)",1,1,NA,NA,0.019999389182421,2021-11-30,2021-12-08,NA,NA,"Philanthropy",0,"Factual","V1","Factual long"
"270","Giving Guide 2021 - Cause-led","Philanthropy (Cause-led)","Auto_Cropped_AR_4_X_5_DCO_V2_ggwc_emotional_set_1 (1).mp4 (306692037975409)","Retargeting (Cause-led)",1,1,NA,NA,0.010616016427105,2021-12-03,2021-12-20,NA,NA,"Retargeting",0,"Cause-led","V1","Animal"
"271","Giving Guide 2021 – PPCo Creatives","Cause-led + Factual (Animated)","ggwc_emotional_set_3 (1).mp4 (287217033315901)","Retargeting (18-39)",2,2,NA,NA,0.01,2022-01-07,2022-01-18,NA,NA,"Retargeting",1,"'Optimized' PPCo","Video/creatives","Poverty"
"272","Giving Guide 2021 – Cause-led V3","Global Poverty (Cause-led V3)","New Giving Guide Video Ad Filmed Emotional - Global Poverty.m4v (310307280993116)","Global Poverty (Cause-led V3)",1,1,NA,NA,0.01,2021-12-23,2022-01-04,NA,NA,"Global Poverty",1,"Cause-led","V3 - sometimes Luke","Poverty"
"273","Giving Guide 2021 – Cause-led V3","Global Poverty (Cause-led V3)","Auto_Cropped_AR_4_X_5_DCO_Free Effective Giving Guide 2021 (1099193744229928)","Global Poverty (Cause-led V3)",2,2,NA,NA,0.01,2021-12-23,2022-01-04,NA,NA,"Global Poverty",1,"Cause-led","V3 - sometimes Luke","Poverty"
"274","Giving Guide 2021 – Factual","Global Poverty (Factual)","Auto_Cropped_AR_4_X_5_DCO_V4_ggwc_factual_final1 (1).mp4 (366905015235606)","Global Poverty (Factual)",1,1,NA,NA,0.01,2021-11-30,2021-12-08,NA,NA,"Global Poverty",0,"Factual","V1","Factual long"
"275","Giving Guide 2021 – Factual","Animal Welfare (Factual)","Auto_Cropped_AR_4_X_5_DCO_V4_ggwc_factual_final1 (1).mp4 (366904585235649)","Animal Welfare (Factual)",1,1,NA,NA,0.0099980597594102,2021-11-30,2021-12-08,NA,NA,"Animal",0,"Factual","V1","Factual long"
"276","Giving Guide 2021 - Cause-led","Philanthropy (Cause-led)","ggwc_emotional_set_2 (1).mp4 (717231612998210)","Retargeting (Cause-led)",1,1,NA,NA,0,2021-12-03,2021-12-20,NA,NA,"Retargeting",0,"Cause-led","V1","Climate"
"277","Giving Guide 2021 – Factual V3","Global Poverty (Factual V3)","Auto_Cropped_AR_4_X_5_DCO_V4_gg_factual_short.mp4 (2882597601962794)","Global Poverty (Factual V3)",4,4,NA,NA,0,2021-12-23,2022-01-04,NA,NA,"Global Poverty",1,"Factual","V3 - sometimes Luke","Factual short"
"278","Giving Guide 2021 – PPCo Creatives","Cause-led + Factual (Animated)","ggwc_emotional_set_3 (1).mp4 (287217033315901)","Philanthropy + Lookalikes (18-39)",2,2,NA,NA,0,2022-01-07,2022-01-17,NA,NA,"Philanthropy",1,"'Optimized' PPCo","Video/creatives","Poverty"
"279","Giving Guide 2021 – Factual V3","Retargeting (Factual V3)","cropped_4X5_(x, y)_(0, 394)_width_1080px_height_1354px_New Giving Guide Video Ad Filmed Factual Short.m4v (487059362838361)","Retargeting (Factual V3)",1,1,NA,NA,0,2021-12-23,2022-01-04,NA,NA,"Retargeting",1,"Factual","V3 - sometimes Luke","Factual short"
"280","Giving Guide 2021 – Factual V3","Retargeting (Factual V3)","New Giving Guide Video Ad Filmed Factual Short.m4v (235565945256052)","Retargeting (Factual V3)",2,2,NA,NA,0,2021-12-23,2022-01-04,NA,NA,"Retargeting",1,"Factual","V3 - sometimes Luke","Factual short"
"281","Giving Guide 2021 – Cause-led V3","Global Poverty (Cause-led V3)","ggwc_emotional_set_3 (1).mp4 (287217033315901)","Global Poverty (Cause-led V3)",2,2,NA,NA,0,2021-12-23,2022-01-04,NA,NA,"Global Poverty",1,"Cause-led","V3 - sometimes Luke","Poverty"
"282","Giving Guide 2021 – Cause-led V3","Climate Change (Cause-led V3)","New Giving Guide Video Ad Filmed Emotional - Climate Change.m4v (279510247542681)","Climate Change (Cause-led V3)",1,1,NA,NA,0,2021-12-23,2022-01-04,NA,NA,"Climate",1,"Cause-led","V3 - sometimes Luke","Climate"
"283","Giving Guide 2021 – Cause-led V3","Retargeting (Cause-led V3)","ggwc_emotional_set_3 (1).mp4 (287217033315901)","Retargeting (Cause-led V3)",1,1,NA,NA,0,2021-12-23,2022-01-04,NA,NA,"Retargeting",1,"Cause-led","V3 - sometimes Luke","Poverty"
"284","Giving Guide 2021 – Cause-led V3","Retargeting (Cause-led V3)","cropped_4X5_(x, y)_(0, 158)_width_720px_height_899px_New Giving Guide Video Ad Filmed Emotional - Global Poverty.m4v (265751598880484)","Retargeting (Cause-led V3)",1,1,NA,NA,0,2021-12-23,2022-01-04,NA,NA,"Retargeting",1,"Cause-led","V3 - sometimes Luke","Poverty"
"285","Giving Guide 2021 – Cause-led V3","Retargeting (Cause-led V3)","Auto_Cropped_AR_4_X_5_DCO_V2_ggwc_emotional_set_1 (1).mp4 (318095873501692)","Retargeting (Cause-led V3)",1,1,NA,NA,0,2021-12-23,2022-01-04,NA,NA,"Retargeting",1,"Cause-led","V3 - sometimes Luke","Animal"
"286","Giving Guide 2021 – Cause-led V3","Retargeting (Cause-led V3)","cropped_4X5_(x, y)_(0, 158)_width_720px_height_899px_New Giving Guide Video Ad Filmed Emotional - Global Poverty.m4v (265751598880484)","Retargeting (Cause-led V3)",2,2,NA,NA,0,2021-12-23,2022-01-04,NA,NA,"Retargeting",1,"Cause-led","V3 - sometimes Luke","Poverty"
"287","Giving Guide 2021 – Cause-led V3","Lookalikes (Cause-led V3)","Auto_Cropped_AR_4_X_5_DCO_V2_ggwc_emotional_set_3 (1).mp4 (946941329258535)","Lookalikes (Cause-led V3)",1,1,NA,NA,0,2021-12-23,2022-01-04,NA,NA,"Lookalikes",1,"Cause-led","V3 - sometimes Luke","Poverty"
"288","Giving Guide 2021 – Factual","Retargeting (Factual)","ggwc_factual_final1 (1).mp4 (886232108921551)","Retargeting (Factual)",1,1,NA,NA,0,2021-12-03,2021-12-08,NA,NA,"Retargeting",0,"Factual","V1","Factual long"
"289","Giving Guide 2021 – Factual","Retargeting (Factual)","gg_factual_short.mp4 (1298714567312091)","Retargeting (Factual)",1,1,NA,NA,0,2021-12-03,2021-12-08,NA,NA,"Retargeting",0,"Factual","V1","Factual short"
"290","Giving Guide 2021 – Cause-led V3","Climate Change (Cause-led V3)","Auto_Cropped_AR_4_X_5_DCO_ggwc_emotional_set_2 (1).mp4 (254244539987515)","Climate Change (Cause-led V3)",2,3,NA,NA,0,2021-12-23,2022-01-04,NA,NA,"Climate",1,"Cause-led","V3 - sometimes Luke","Climate"
"291","Giving Guide 2021 – Factual V3","Animal Welfare (Factual V3)","New Giving Guide Video Ad Filmed Factual Short.m4v (235578605254786)","Animal Welfare (Factual V3)",2,2,NA,NA,0,2021-12-23,2022-01-04,NA,NA,"Animal",1,"Factual","V3 - sometimes Luke","Factual short"
